SELECT * FROM albums;
SELECT * FROM artists;
SELECT * FROM artist_genres;
SELECT * FROM audio_features;
SELECT * FROM genres;
SELECT * FROM markets;
SELECT * FROM playlists;
SELECT * FROM playlists_songs;
SELECT * FROM song_markets;
SELECT * FROM songs;



INSERT INTO artists (artist_id, artist_name, popularity, followers) VALUES
('0Y6dVaC9DZtPNH4591M42W', 'TV Girl', 81, 13804830),
('1QAJqy2dA3ihHBFIHRphZj', 'Cigarettes After Sex', 83, 18453190),
('00FQb4jTyendYWaN8pK0wa', 'Lana Del Rey', 89, 55173225),
('3AA28KZvwAUcZuOKwyblJQ', 'Gorillaz', 82, 15427889),
('1uNFoZAHBGtllmzznpCI3s', 'Justin Bieber', 91, 87255941),
('5cj0lLjcoR7YOSnhnX0Po5', 'Doja Cat', 85, 36246940),
('6qqNVTkY8uBg9cP3Jd7DAH', 'Billie Eilish', 90, 123645778),
('5pKCCKE2ajJHZ9KAiaK11H', 'Rihanna', 91, 71815503),
('1HY2Jd0NmPuamShAr6KMms', 'Lady Gaga', 88, 44906186),
('250b0Wlc5Vk0CoUsaCY84M', 'JENNIE', 82, 13880349),
('0TvvDswOgvPbgSPK2RDf62', 'wifiskeleton', 70, 700085),
('0PCCGZ0wGLizHt2KZ7hhA2', 'Artemas', 74, 1504543),
('2kU94AZG0xEVKnOUKDbEfg', 'i wanna be a jack-o-lantern', 67, 120087),
('5INjqkS1o8h1imAzPqGZBb', 'Tame Impala', 84, 10292238),
('6olE6TJLqED3rqDCT0FyPh', 'Nirvana', 81, 24592769),
('3YQKmKGau1PzlVlkL1iodx', 'Twenty One Pilots', 83, 26178692),
('1aSxMhuvixZ8h9dK9jIDwL', 'Kate Bush', 74, 2853857),
('7Ln80lUS6He07XvHI8qqHH', 'Arctic Monkeys', 85, 33459142),
('4Z8W4fKeB5YxbusRsdQVPb', 'Radiohead', 85, 15265571),
('6XyY86QOPPrYVGvF9ch6wz', 'Linkin Park', 88, 33421465),
('7gW0r5CkdEUMm42w9XpyZO', 'Laufey', 81, 9526042),
('5gYA6t5tkcbnD06rDmaefo', 'TuMa', 21, 5975),
('6J7biCazzYhU3gM9j1wfid', 'Jamiroquai', 70, 2897451),
('6Q192DXotxtaysaqNPy5yR', 'Amy Winehouse', 76, 9945368),
('00x1fYSGhdqScXBRpSj3DW', 'Olivia Dean', 90, 3389280),
('3bSyv1vO8ye6PKyWcJeVbI', 'Baasik', 64, 102667),
('05YVYeV4HxYp5rrWalvuE1', 'Grover Washington, Jr.', 61, 479789),
('4ET82ZtSfAK4utfjDauImD', 'Black Gryph0n', 66, 527130),
('4QQgXkCYTt3BlENzhyNETg', 'Earth, Wind & Fire', 72, 5302005),
('1Mxqyy3pSjf8kZZL4QVxS0', 'Frank Sinatra', 77, 8717215);

INSERT INTO audio_features(song_id, danceability, energy, valence, tempo, loudness)
SELECT 
    song_id,
    RANDOM()::real AS danceability,
    RANDOM()::real AS energy,
    RANDOM()::real AS valence,
    (RANDOM() * 140 + 60)::real AS tempo,
    ((RANDOM() * 65) - 60)::real AS loudness
FROM songs;
ALTER TABLE audio_features
ALTER COLUMN danceability TYPE NUMERIC(5,3),
ALTER COLUMN energy TYPE NUMERIC(5,3),
ALTER COLUMN valence TYPE NUMERIC(5,3),
ALTER COLUMN tempo TYPE NUMERIC(6,3),
ALTER COLUMN loudness TYPE NUMERIC(6,3);


INSERT INTO genres (genre_id, genre_name) VALUES
(1, 'swing music'),
(2, 'baroque pop'),
(3, 'nu metal'),
(4, 'vocal jazz'),
(5, 'dream pop'),
(6, 'art pop'),
(7, 'garage rock'),
(8, 'art rock'),
(9, 'acid jazz'),
(10, 'big band'),
(11, 'grunge'),
(12, 'pop'),
(13, 'funk'),
(14, 'indie'),
(15, 'rock'),
(16, 'neo-psychedelic'),
(17, 'soul jazz'),
(18, 'disco'),
(19, 'alternative rock'),
(20, 'alternative metal'),
(21, 'christmas'),
(22, 'smooth jazz'),
(23, 'rap metal'),
(24, 'k-pop'),
(25, 'pop soul'),
(26, 'jazz'),
(27, 'adult standards');
UPDATE genres
SET description = CASE genre_id
    WHEN 1 THEN 'Jazz style with strong swing rhythm and big band influence'
    WHEN 2 THEN 'Baroque-influenced pop music with orchestral elements'
    WHEN 3 THEN 'Fusion of metal with hip hop and alternative elements'
    WHEN 4 THEN 'Jazz focused on vocal performance and improvisation'
    WHEN 5 THEN 'Atmospheric, ethereal pop with dreamy textures'
    WHEN 6 THEN 'Experimental pop with artistic and avant-garde structure'
    WHEN 7 THEN 'Raw, energetic rock with DIY garage sound'
    WHEN 8 THEN 'Experimental rock with artistic and conceptual approach'
    WHEN 9 THEN 'Fusion of jazz, funk, and electronic elements'
    WHEN 10 THEN 'Large ensemble jazz with brass dominance'
    WHEN 11 THEN 'Distorted, angst-driven rock originating from grunge movement'
    WHEN 12 THEN 'Mainstream modern popular music'
    WHEN 13 THEN 'Rhythmic groove-based music emphasizing bass and percussion'
    WHEN 14 THEN 'Independent music outside major label system'
    WHEN 15 THEN 'Broad rock genre with electric guitar foundation'
    WHEN 16 THEN 'Psychedelic-influenced modern indie rock'
    WHEN 17 THEN 'Jazz blended with soul and groove elements'
    WHEN 18 THEN 'Dance-oriented music with steady four-on-the-floor rhythm'
    WHEN 19 THEN 'Non-mainstream rock with experimental influences'
    WHEN 20 THEN 'Heavy metal combined with alternative rock elements'
    WHEN 21 THEN 'Seasonal holiday-themed music'
    WHEN 22 THEN 'Smooth, melodic jazz with relaxed tempo'
    WHEN 23 THEN 'Fusion of rap and heavy metal instrumentation'
    WHEN 24 THEN 'Korean pop music with choreographed performance style'
    WHEN 25 THEN 'Soul-influenced pop with emotional vocals'
    WHEN 26 THEN 'Broad category of jazz music with improvisation'
    WHEN 27 THEN 'Traditional pop standards from mid-20th century'
END,

origin_year = CASE genre_id
    WHEN 1 THEN 1920
    WHEN 2 THEN 1960
    WHEN 3 THEN 1990
    WHEN 4 THEN 1920
    WHEN 5 THEN 1990
    WHEN 6 THEN 1970
    WHEN 7 THEN 1960
    WHEN 8 THEN 1970
    WHEN 9 THEN 1970
    WHEN 10 THEN 1920
    WHEN 11 THEN 1990
    WHEN 12 THEN 1950
    WHEN 13 THEN 1960
    WHEN 14 THEN 1980
    WHEN 15 THEN 1950
    WHEN 16 THEN 2000
    WHEN 17 THEN 1960
    WHEN 18 THEN 1970
    WHEN 19 THEN 1980
    WHEN 20 THEN 1990
    WHEN 21 THEN 1900
    WHEN 22 THEN 1980
    WHEN 23 THEN 1990
    WHEN 24 THEN 1990
    WHEN 25 THEN 1960
    WHEN 26 THEN 1920
    WHEN 27 THEN 1930
END;

INSERT INTO artist_genres (artist_id, genre_id) VALUES
('1QAJqy2dA3ihHBFIHRphZj', 5),
('1HY2Jd0NmPuamShAr6KMms', 6),
('1HY2Jd0NmPuamShAr6KMms', 12),
('250b0Wlc5Vk0CoUsaCY84M', 24),
('5INjqkS1o8h1imAzPqGZBb', 16),
('5INjqkS1o8h1imAzPqGZBb', 14),
('6olE6TJLqED3rqDCT0FyPh', 11),
('6olE6TJLqED3rqDCT0FyPh', 15),
('1aSxMhuvixZ8h9dK9jIDwL', 6),
('1aSxMhuvixZ8h9dK9jIDwL', 2),
('1aSxMhuvixZ8h9dK9jIDwL', 8),
('7Ln80lUS6He07XvHI8qqHH', 14),
('7Ln80lUS6He07XvHI8qqHH', 7),
('4Z8W4fKeB5YxbusRsdQVPb', 8),
('4Z8W4fKeB5YxbusRsdQVPb', 19),
('6XyY86QOPPrYVGvF9ch6wz', 3),
('6XyY86QOPPrYVGvF9ch6wz', 23),
('6XyY86QOPPrYVGvF9ch6wz', 15),
('6XyY86QOPPrYVGvF9ch6wz', 20),
('6J7biCazzYhU3gM9j1wfid', 9),
('00x1fYSGhdqScXBRpSj3DW', 25),
('05YVYeV4HxYp5rrWalvuE1', 17),
('05YVYeV4HxYp5rrWalvuE1', 22),
('4QQgXkCYTt3BlENzhyNETg', 13),
('4QQgXkCYTt3BlENzhyNETg', 18),
('1Mxqyy3pSjf8kZZL4QVxS0', 21),
('1Mxqyy3pSjf8kZZL4QVxS0', 10),
('1Mxqyy3pSjf8kZZL4QVxS0', 27),
('1Mxqyy3pSjf8kZZL4QVxS0', 1),
('1Mxqyy3pSjf8kZZL4QVxS0', 26),
('1Mxqyy3pSjf8kZZL4QVxS0', 4);

INSERT INTO albums (album_id, album_name, release_date, artist_id) VALUES
('5MQx9UktIiM86OYBZh1c4M', 'Fauxllennium (Japanese Deluxe Edition)', '2025-04-04', '0Y6dVaC9DZtPNH4591M42W'),
('6exBK52toUpg3zj2Gog3K1', 'Fauxllennium', '2024-12-02', '0Y6dVaC9DZtPNH4591M42W'),
('0SXtNBEYPTc7sXyLF9N7TT', 'Grapes Upon the Vine', '2023-06-30', '0Y6dVaC9DZtPNH4591M42W'),
('2nVPmbiBiR3CrAqDnw1inZ', 'X''s', '2024-07-12', '1QAJqy2dA3ihHBFIHRphZj'),
('63yRRBtLX8eqbOLD6f0y9U', 'Cry', '2019-10-25', '1QAJqy2dA3ihHBFIHRphZj'),
('5chTLnnxlxQVAgEv6YbEBe', 'Cigarettes After Sex', '2017-06-09', '1QAJqy2dA3ihHBFIHRphZj'),
('5HOHne1wzItQlIYmLXLYfZ', 'Did you know that there''s a tunnel under Ocean Blvd', '2023-03-24', '00FQb4jTyendYWaN8pK0wa'),
('2wwCc6fcyhp1tfY3J6Javr', 'Blue Banisters', '2021-10-22', '00FQb4jTyendYWaN8pK0wa'),
('6QeosPQpJckkW0Obir5RT8', 'Chemtrails Over The Country Club', '2021-03-19', '00FQb4jTyendYWaN8pK0wa'),
('1RvJmGd47lKS4XMXs9j8hD', 'The Mountain', '2026-02-27', '3AA28KZvwAUcZuOKwyblJQ'),
('1aoWxOWHJNG1VPpJZwpYl2', 'Cracker Island (Deluxe)', '2023-02-27', '3AA28KZvwAUcZuOKwyblJQ'),
('4wtZQMNTC1O79kDxMBsEan', 'Cracker Island', '2023-02-24', '3AA28KZvwAUcZuOKwyblJQ'),
('2KrREEyHxkdFGYAd1DmMdS', 'SWAG II', '2025-09-05', '1uNFoZAHBGtllmzznpCI3s'),
('5vD5M5VW62LL78Ko8x0CVZ', 'SWAG', '2025-07-11', '1uNFoZAHBGtllmzznpCI3s'),
('3uPnO1aZBwMgWK1DI5zve9', 'Justice (The Complete Edition)', '2021-10-08', '1uNFoZAHBGtllmzznpCI3s'),
('1cqqIH16XzBnDchrXJ9Enf', 'Vie', '2025-09-26', '5cj0lLjcoR7YOSnhnX0Po5'),
('5ho4S2bnJJdF0uwT8YiQsw', 'Scarlet 2 CLAUDE', '2024-05-17', '5cj0lLjcoR7YOSnhnX0Po5'),
('6DmPNcfpkXBVRJsEIJY9tl', 'Scarlet', '2023-09-22', '5cj0lLjcoR7YOSnhnX0Po5'),
('7aJuG4TFXa2hmE4z1yxc3n', 'HIT ME HARD AND SOFT', '2024-05-17', '6qqNVTkY8uBg9cP3Jd7DAH'),
('0JGOiO34nwfUdDrD612dOp', 'Happier Than Ever', '2021-07-30', '6qqNVTkY8uBg9cP3Jd7DAH'),
('0S0KGZnfBGSIssfF54WSJh', 'WHEN WE ALL FALL ASLEEP, WHERE DO WE GO?', '2019-03-29', '6qqNVTkY8uBg9cP3Jd7DAH'),
('4UlGauD7ROb3YbVOFMgW5u', 'ANTI (Deluxe)', '2016-01-28', '5pKCCKE2ajJHZ9KAiaK11H'),
('48i37aZTC1prDr4EcpQeEa', 'ANTI', '2016-01-28', '5pKCCKE2ajJHZ9KAiaK11H'),
('5pLlGJrxuQO3jMoQe1XxZY', 'Unapologetic (Deluxe)', '2012-12-11', '5pKCCKE2ajJHZ9KAiaK11H'),
('3ARwSvDQv2OHYnLeDC3Lxi', 'MAYHEM', '2025-09-01', '1HY2Jd0NmPuamShAr6KMms'),
('3X2oYJbZtrmszmNeXRpckc', 'Joker: Folie à Deux (Music From The Motion Picture)', '2024-10-04', '1HY2Jd0NmPuamShAr6KMms'),
('6eKdAMXNBlXNtPy7OdBL50', 'Harlequin', '2024-09-27', '1HY2Jd0NmPuamShAr6KMms'),
('1vWMw6pu3err6qqZzI3RhH', 'Ruby', '2025-03-07', '250b0Wlc5Vk0CoUsaCY84M'),
('6mTQHfKvNR9x20dTBLhgmJ', 'pony', '2025-04-18', '0TvvDswOgvPbgSPK2RDf62'),
('16g3MJk9OmtNXwRrrPMPUK', 'suburban daredevil', '2024-10-22', '0TvvDswOgvPbgSPK2RDf62'),
('6FoDELk022luh2Ap6t7bFH', 'lovefool', '2024-06-28', '0TvvDswOgvPbgSPK2RDf62'),
('75FM00r9Lgdi0YHv7vvzzB', 'LOVERCORE', '2025-10-24', '0PCCGZ0wGLizHt2KZ7hhA2'),
('5nzSCZ7NhKvAysI0tmNOdD', 'yustyna', '2024-07-11', '0PCCGZ0wGLizHt2KZ7hhA2'),
('2xpgb8R0BXVS2e1XnXI9xZ', 'pretty', '2024-02-09', '0PCCGZ0wGLizHt2KZ7hhA2'),
('04FS2RGpTrQMmWUbpUVNf4', 'i wanna be a jack-o-lantern', '2024-03-12', '2kU94AZG0xEVKnOUKDbEfg'),
('5WulAOx9ilWy1h8UGZ1gkI', 'Deadbeat', '2025-10-17', '5INjqkS1o8h1imAzPqGZBb'),
('31qVWUdRrlb8thMvts0yYL', 'The Slow Rush', '2020-02-14', '5INjqkS1o8h1imAzPqGZBb'),
('79dL7FLiJFOO0EoehUHQBv', 'Currents', '2015-07-17', '5INjqkS1o8h1imAzPqGZBb'),
('68uIz7DtgDoPUFTKxdzL9t', 'In Utero (30th Anniversary Super Deluxe)', '2023-10-27', '6olE6TJLqED3rqDCT0FyPh'),
('5eA0qtE7Yu29XiMlwoby2G', 'Nevermind (30th Anniversary Super Deluxe)', '2021-11-12', '6olE6TJLqED3rqDCT0FyPh'),
('4Sdfp3NL90GZoYYwLmhk0H', 'Live And Loud', '2019-07-26', '6olE6TJLqED3rqDCT0FyPh'),
('1El3k8dU3sKyoGUeuyrolH', 'Breach', '2025-09-12', '3YQKmKGau1PzlVlkL1iodx'),
('1KFWgQTw3EMTQebaaepVBI', 'Clancy', '2024-05-24', '3YQKmKGau1PzlVlkL1iodx'),
('2kAer61g2HN6upL2zXAjzd', 'MTV Unplugged (Live)', '2023-04-21', '3YQKmKGau1PzlVlkL1iodx'),
('0CnpU8D00V1mfJeOt7tsqB', '50 Words for Snow', '2011-11-21', '1aSxMhuvixZ8h9dK9jIDwL'),
('1ZG2nadmGlJER7mkWkh60u', 'Director''s Cut', '2011-05-16', '1aSxMhuvixZ8h9dK9jIDwL'),
('6EK8l8rFuMpAn27TNOCwsH', 'Aerial (2018 Remaster)', '2005-11-07', '1aSxMhuvixZ8h9dK9jIDwL'),
('2GROf0WKoP5Er2M9RXVNNs', 'The Car', '2022-10-21', '7Ln80lUS6He07XvHI8qqHH'),
('7Heaa0B4KOxdWhSICTR2wE', 'Live at the Royal Albert Hall', '2020-12-04', '7Ln80lUS6He07XvHI8qqHH'),
('7v6FNgLDS8KmaWA1amUtqe', 'Tranquility Base Hotel & Casino', '2018-05-10', '7Ln80lUS6He07XvHI8qqHH'),
('5BLrEOEDKoDDg5T8PzdIHN', 'Hail to the Thief (Live Recordings 2003-2009)', '2025-08-13', '4Z8W4fKeB5YxbusRsdQVPb'),
('6ofEQubaL265rIW6WnCU8y', 'KID A MNESIA', '2021-11-05', '4Z8W4fKeB5YxbusRsdQVPb'),
('0tzfI6NFJqcJkWb23R3lRZ', 'OK Computer OKNOTOK 1997 2017', '2017-06-23', '4Z8W4fKeB5YxbusRsdQVPb'),
('5QfFvOMOJ0CrIDmu33RmSJ', 'From Zero (Deluxe Edition)', '2025-05-16', '6XyY86QOPPrYVGvF9ch6wz'),
('4R6FV9NSzhPihHR0h4pI93', 'From Zero', '2024-11-15', '6XyY86QOPPrYVGvF9ch6wz'),
('7qKEQkRXySP0rhjtXJksfg', 'From Zero: A Cappellas + Instrumentals', '2024-11-14', '6XyY86QOPPrYVGvF9ch6wz'),
('32gqZfrZ51UMunez3CZDJZ', 'A Very Laufey Holiday', '2025-11-05', '7gW0r5CkdEUMm42w9XpyZO'),
('6lauK4mNENDUMSoekDVDNG', 'A Matter of Time (Standard Edition)', '2025-08-24', '7gW0r5CkdEUMm42w9XpyZO'),
('5rMOCuiWWbEBcHaKM69Hmv', 'A Matter of Time', '2025-08-22', '7gW0r5CkdEUMm42w9XpyZO'),
('1xQq0txMTpstjFUwp4c4E0', 'Automaton', '2017-03-31', '6J7biCazzYhU3gM9j1wfid'),
('4H1YAR9PLOFSz9ks2t17t3', 'Late Night Tales: Jamiroquai', '2010-11-12', '6J7biCazzYhU3gM9j1wfid'),
('5mTP7Oivpq88d7ZQ9DBt4F', 'Rock Dust Light Star (Deluxe Version)', '2010-11-01', '6J7biCazzYhU3gM9j1wfid'),
('5Fb59VtYjJNTXPcNGpoDU3', 'AMY (Original Motion Picture Soundtrack)', '2015-10-30', '6Q192DXotxtaysaqNPy5yR'),
('4xdRjOhY9NHmMpI7U3e2c3', 'Lioness: Hidden Treasures', '2011-01-01', '6Q192DXotxtaysaqNPy5yR'),
('097eYvf9NKjFnv4xA9s2oV', 'Back To Black', '2006-10-27', '6Q192DXotxtaysaqNPy5yR'),
('0l8zYqoUeBYg47Gmevq9HZ', 'The Art of Loving', '2025-09-26', '00x1fYSGhdqScXBRpSj3DW'),
('5572B4RA9LsfrkXA7rU29M', 'Live At Eventim Apollo', '2024-12-20', '00x1fYSGhdqScXBRpSj3DW'),
('5YlBA1tCY0M8DDs75RB2LY', 'Messy', '2023-06-30', '00x1fYSGhdqScXBRpSj3DW'),
('7I0m4dx3zk9W5lHbEhXNCY', 'Diamond', '2019-08-16', '3bSyv1vO8ye6PKyWcJeVbI'),
('3BSbeH6hi9LvkX97cWtgW9', 'Immortal', '2014-07-26', '3bSyv1vO8ye6PKyWcJeVbI'),
('5kvE1wvZJslKP2qKNia4gW', 'Evacuate', '2013-04-15', '3bSyv1vO8ye6PKyWcJeVbI'),
('7bIEorGINUXmiYYtd7h1Tx', 'Grover Live (Vol. 2)', '2024-09-13', '05YVYeV4HxYp5rrWalvuE1'),
('3uMpcHUYzXhEnmKOloF6LU', 'Pieces of a Dream, Budokan Hall, Tokyo 1983', '2024-06-07', '05YVYeV4HxYp5rrWalvuE1'),
('4YPN7ttGhaUIgEXtQPVux2', 'Mercy Me (Live Boston ''73)', '2023-09-25', '05YVYeV4HxYp5rrWalvuE1'),
('6HG3ZH0opwhCZcby8Y2o8v', 'Begin The Dance (Live 1988)', '2023-02-15', '4QQgXkCYTt3BlENzhyNETg'),
('0nVOSSbYkUBKBYh2D4WSDn', 'Bring Yourself True (Live 1974)', '2022-01-20', '4QQgXkCYTt3BlENzhyNETg'),
('7253n8oKnyOumxC2trgmM8', 'Earth, Wind & Fire Millennium Concert Japan ''94', '2019-12-21', '4QQgXkCYTt3BlENzhyNETg'),
('10tYvuAzvxHz7K0Hujjjpr', 'Frank Sinatra New Christmas Mono to Stereo Mixes', '2023-11-01', '1Mxqyy3pSjf8kZZL4QVxS0'),
('76CoN7GG8Oq1uuawUFifuX', 'Four Classic Albums Plus (Swing Easy / Songs for Young Lovers / Songs for Swinging Lovers / Come Dance with Me) (Digitally Remastered)', '2022-08-05', '1Mxqyy3pSjf8kZZL4QVxS0'),
('1r6CYUhkI07HNT5ONg6AqL', 'Watertown (Deluxe Edition / 2022 Mix)', '2022-06-03', '1Mxqyy3pSjf8kZZL4QVxS0');

UPDATE albums
SET album_type = CASE album_id
WHEN '5MQx9UktIiM86OYBZh1c4M' THEN 'deluxe'
WHEN '6exBK52toUpg3zj2Gog3K1' THEN 'studio'
WHEN '0SXtNBEYPTc7sXyLF9N7TT' THEN 'studio'
WHEN '2nVPmbiBiR3CrAqDnw1inZ' THEN 'studio'
WHEN '63yRRBtLX8eqbOLD6f0y9U' THEN 'studio'
WHEN '5chTLnnxlxQVAgEv6YbEBe' THEN 'studio'
WHEN '5HOHne1wzItQlIYmLXLYfZ' THEN 'studio'
WHEN '2wwCc6fcyhp1tfY3J6Javr' THEN 'studio'
WHEN '6QeosPQpJckkW0Obir5RT8' THEN 'studio'
WHEN '1RvJmGd47lKS4XMXs9j8hD' THEN 'studio'
WHEN '1aoWxOWHJNG1VPpJZwpYl2' THEN 'deluxe'
WHEN '4wtZQMNTC1O79kDxMBsEan' THEN 'studio'
WHEN '2KrREEyHxkdFGYAd1DmMdS' THEN 'studio'
WHEN '5vD5M5VW62LL78Ko8x0CVZ' THEN 'studio'
WHEN '3uPnO1aZBwMgWK1DI5zve9' THEN 'deluxe'
WHEN '1cqqIH16XzBnDchrXJ9Enf' THEN 'studio'
WHEN '5ho4S2bnJJdF0uwT8YiQsw' THEN 'studio'
WHEN '6DmPNcfpkXBVRJsEIJY9tl' THEN 'studio'
WHEN '7aJuG4TFXa2hmE4z1yxc3n' THEN 'studio'
WHEN '0JGOiO34nwfUdDrD612dOp' THEN 'studio'
WHEN '0S0KGZnfBGSIssfF54WSJh' THEN 'studio'
WHEN '4UlGauD7ROb3YbVOFMgW5u' THEN 'deluxe'
WHEN '48i37aZTC1prDr4EcpQeEa' THEN 'studio'
WHEN '5pLlGJrxuQO3jMoQe1XxZY' THEN 'deluxe'
WHEN '3ARwSvDQv2OHYnLeDC3Lxi' THEN 'studio'
WHEN '3X2oYJbZtrmszmNeXRpckc' THEN 'soundtrack'
WHEN '6eKdAMXNBlXNtPy7OdBL50' THEN 'soundtrack'
WHEN '1vWMw6pu3err6qqZzI3RhH' THEN 'studio'
WHEN '6mTQHfKvNR9x20dTBLhgmJ' THEN 'studio'
WHEN '16g3MJk9OmtNXwRrrPMPUK' THEN 'ep'
WHEN '6FoDELk022luh2Ap6t7bFH' THEN 'ep'
WHEN '2xpgb8R0BXVS2e1XnXI9xZ' THEN 'ep'
WHEN '04FS2RGpTrQMmWUbpUVNf4' THEN 'ep'
WHEN '5WulAOx9ilWy1h8UGZ1gkI' THEN 'studio'
WHEN '31qVWUdRrlb8thMvts0yYL' THEN 'studio'
WHEN '79dL7FLiJFOO0EoehUHQBv' THEN 'studio'
WHEN '68uIz7DtgDoPUFTKxdzL9t' THEN 'remaster'
WHEN '5eA0qtE7Yu29XiMlwoby2G' THEN 'remaster'
WHEN '4Sdfp3NL90GZoYYwLmhk0H' THEN 'live'
WHEN '1El3k8dU3sKyoGUeuyrolH' THEN 'studio'
WHEN '1KFWgQTw3EMTQebaaepVBI' THEN 'studio'
WHEN '2kAer61g2HN6upL2zXAjzd' THEN 'live'
WHEN '0CnpU8D00V1mfJeOt7tsqB' THEN 'studio'
WHEN '1ZG2nadmGlJER7mkWkh60u' THEN 'compilation'
WHEN '6EK8l8rFuMpAn27TNOCwsH' THEN 'remaster'
WHEN '2GROf0WKoP5Er2M9RXVNNs' THEN 'studio'
WHEN '7Heaa0B4KOxdWhSICTR2wE' THEN 'live'
WHEN '7v6FNgLDS8KmaWA1amUtqe' THEN 'studio'
WHEN '5BLrEOEDKoDDg5T8PzdIHN' THEN 'live'
WHEN '6ofEQubaL265rIW6WnCU8y' THEN 'remaster'
WHEN '0tzfI6NFJqcJkWb23R3lRZ' THEN 'compilation'
WHEN '5QfFvOMOJ0CrIDmu33RmSJ' THEN 'deluxe'
WHEN '4R6FV9NSzhPihHR0h4pI93' THEN 'studio'
WHEN '7qKEQkRXySP0rhjtXJksfg' THEN 'compilation'
WHEN '32gqZfrZ51UMunez3CZDJZ' THEN 'holiday'
WHEN '6lauK4mNENDUMSoekDVDNG' THEN 'studio'
WHEN '5rMOCuiWWbEBcHaKM69Hmv' THEN 'studio'
WHEN '1xQq0txMTpstjFUwp4c4E0' THEN 'studio'
WHEN '4H1YAR9PLOFSz9ks2t17t3' THEN 'compilation'
WHEN '5mTP7Oivpq88d7ZQ9DBt4F' THEN 'deluxe'
WHEN '5Fb59VtYjJNTXPcNGpoDU3' THEN 'soundtrack'
WHEN '4xdRjOhY9NHmMpI7U3e2c3' THEN 'compilation'
WHEN '097eYvf9NKjFnv4xA9s2oV' THEN 'studio'
WHEN '0l8zYqoUeBYg47Gmevq9HZ' THEN 'studio'
WHEN '5572B4RA9LsfrkXA7rU29M' THEN 'live'
WHEN '5YlBA1tCY0M8DDs75RB2LY' THEN 'studio'
WHEN '7I0m4dx3zk9W5lHbEhXNCY' THEN 'studio'
WHEN '3BSbeH6hi9LvkX97cWtgW9' THEN 'studio'
WHEN '5kvE1wvZJslKP2qKNia4gW' THEN 'studio'
WHEN '7bIEorGINUXmiYYtd7h1Tx' THEN 'live'
WHEN '3uMpcHUYzXhEnmKOloF6LU' THEN 'live'
WHEN '4YPN7ttGhaUIgEXtQPVux2' THEN 'live'
WHEN '6HG3ZH0opwhCZcby8Y2o8v' THEN 'live'
WHEN '0nVOSSbYkUBKBYh2D4WSDn' THEN 'live'
WHEN '7253n8oKnyOumxC2trgmM8' THEN 'live'
WHEN '10tYvuAzvxHz7K0Hujjjpr' THEN 'compilation'
WHEN '76CoN7GG8Oq1uuawUFifuX' THEN 'compilation'
WHEN '1r6CYUhkI07HNT5ONg6AqL' THEN 'deluxe'
ELSE album_type
END;
SELECT * FROM songs;
INSERT INTO songs (song_id, song_name, duration_ms, album_id, popularity) VALUES
('5qdw9BTJbwzWSZa1sbNF3I', 'Summer 2000 Baby', 242410, '5MQx9UktIiM86OYBZh1c4M', 46),
('0MVArgwbzjW5cq0k1n653U', 'Everything Blue', 222520, '5MQx9UktIiM86OYBZh1c4M', 45),
('5LekwQKwkOMDI5ReBINCsE', 'Fauxllennium', 188533, '5MQx9UktIiM86OYBZh1c4M', 43),
('7o8eBkv8qgQLzK5xsLf9Rz', 'Butterflies', 250624, '5MQx9UktIiM86OYBZh1c4M', 43),
('13wVkzJONjDRVomOFDc9FO', 'Take a Trip', 239999, '5MQx9UktIiM86OYBZh1c4M', 41),
('4vtxiwfJhXdHL7tedDquRF', 'The Sweet Life', 251545, '5MQx9UktIiM86OYBZh1c4M', 41),
('2rSFiiB3Xw54a0WpcKKHWc', 'Yesterday''s World', 246613, '5MQx9UktIiM86OYBZh1c4M', 40),
('14joz9oqnhYORgpKOmE0Aj', 'Monday, Monday', 213000, '5MQx9UktIiM86OYBZh1c4M', 49),
('2Wx6ZasctkEcbGaXROmI5H', 'Yr Not Invited', 223500, '5MQx9UktIiM86OYBZh1c4M', 41),
('2NxzAkv2dMpVKBIQV5pk1R', 'Poison Ooze', 264000, '5MQx9UktIiM86OYBZh1c4M', 50),
('188JTF6dEXKksYBt9t05TJ', 'Summer 2000 Baby', 242410, '6exBK52toUpg3zj2Gog3K1', 53),
('1AaS0TTkUM9kJemKoPcAbE', 'Everything Blue', 222520, '6exBK52toUpg3zj2Gog3K1', 52),
('6m7cJtdIvS7AiL7QvyOHwS', 'Fauxllennium', 188533, '6exBK52toUpg3zj2Gog3K1', 50),
('6QS2LVMAXz7FmjYxWGJU8M', 'Butterflies', 250624, '6exBK52toUpg3zj2Gog3K1', 50),
('1KbpVvPiLAt1Wsh5gr2YKM', 'Take a Trip', 239999, '6exBK52toUpg3zj2Gog3K1', 44),
('7aiYQH8aNzAgpSGQteq78e', 'The Sweet Life', 251545, '6exBK52toUpg3zj2Gog3K1', 41),
('6MClJYRD7op0WvDuBGWsMn', 'Yesterday''s World', 246613, '6exBK52toUpg3zj2Gog3K1', 43),
('0sPWsklhyrr5ZdrSWWEff6', 'I''ll Be Faithful', 236000, '0SXtNBEYPTc7sXyLF9N7TT', 50),
('4tT21rDYTLwTzZMPh10FxZ', 'All The Way Through', 176408, '0SXtNBEYPTc7sXyLF9N7TT', 45),
('411X2Iae8gKOxgIHPhuLSl', 'Hang On', 209874, '0SXtNBEYPTc7sXyLF9N7TT', 42),
('07TyJyRmdDrWSSXzFTme9D', 'Higher Ground', 186374, '0SXtNBEYPTc7sXyLF9N7TT', 40),
('1sv1SN854EsB5WcI27cQxe', 'Shame', 246500, '0SXtNBEYPTc7sXyLF9N7TT', 49),
('40uSorT6zwd0J0ZyRnDsux', 'One of These Mornings', 182624, '0SXtNBEYPTc7sXyLF9N7TT', 41),
('4p35fkAfyJ2QuaqOw5xldu', 'The Night Time', 176500, '0SXtNBEYPTc7sXyLF9N7TT', 42),
('3bhUNuy1D2m2CsvSNK4e5u', 'Big Black Void', 180500, '0SXtNBEYPTc7sXyLF9N7TT', 40),
('0pkeYwvJZ2jIvzV7xwOxvG', 'Fire', 261812, '0SXtNBEYPTc7sXyLF9N7TT', 41),
('5lTSeN1WSAv6YVBgrIUBav', '99.5', 175312, '0SXtNBEYPTc7sXyLF9N7TT', 59),
('7nHXJNSBnkHFjddclFrXiI', 'X''s', 183761, '2nVPmbiBiR3CrAqDnw1inZ', 65),
('42SKTvz8CvqTEzmADF4nI5', 'Tejano Blue', 234453, '2nVPmbiBiR3CrAqDnw1inZ', 69),
('3xQgvGwf3KnaYry1bPsQIb', 'Silver Sable', 231933, '2nVPmbiBiR3CrAqDnw1inZ', 65),
('0FxhxzAZGcUc9YTAdlaTQo', 'Hideaway', 276640, '2nVPmbiBiR3CrAqDnw1inZ', 64),
('7FsRZOB1QPo6ZGJlGvCWz6', 'Holding you, Holding me', 210213, '2nVPmbiBiR3CrAqDnw1inZ', 67),
('5AESgkEOkftzxGqIgqR0bt', 'Dark Vacay', 213413, '2nVPmbiBiR3CrAqDnw1inZ', 66),
('3iGXWMpEPjRONz3v1Gba0Q', 'Baby Blue Movie', 244733, '2nVPmbiBiR3CrAqDnw1inZ', 62),
('1DZNsoWduUjm2o04R47rDk', 'Hot', 237480, '2nVPmbiBiR3CrAqDnw1inZ', 61),
('720cFmiRJj0brle3kQ7nHH', 'Dreams From Bunker Hill', 219226, '2nVPmbiBiR3CrAqDnw1inZ', 70),
('0hgNRFRxjlvPt3EEJrcQHE', 'Ambien Slide', 213466, '2nVPmbiBiR3CrAqDnw1inZ', 62),
('0nEGX81PCOQyGsXmllrOjI', 'Don''t Let Me Go', 262560, '63yRRBtLX8eqbOLD6f0y9U', 71),
('5Mx79iNnXkMynfRIiIbiGQ', 'Kiss It Off Me', 269933, '63yRRBtLX8eqbOLD6f0y9U', 68),
('5E02BgqYNN9VzafXrYP6Np', 'Heavenly', 286773, '63yRRBtLX8eqbOLD6f0y9U', 81),
('4fhJAPcYTQMK2brDmnI6kk', 'You''re the Only Good Thing in My Life', 275186, '63yRRBtLX8eqbOLD6f0y9U', 64),
('1v7ptGUBS2DbbRmfIG0hU2', 'Touch', 292853, '63yRRBtLX8eqbOLD6f0y9U', 78),
('4Pu3JCVM0YptKrGNjRfz6a', 'Hentai', 285146, '63yRRBtLX8eqbOLD6f0y9U', 64),
('7mDTvYD2ieE4Q28XFziMfJ', 'Cry', 256799, '63yRRBtLX8eqbOLD6f0y9U', 87),
('3g7ngtg7xK3N9nKwAjDfH3', 'Falling In Love', 245840, '63yRRBtLX8eqbOLD6f0y9U', 72),
('6lddee20NqgRXF6g4xrm2Q', 'Pure', 254626, '63yRRBtLX8eqbOLD6f0y9U', 63),
('2xGjfbXZnI8uQDhukoQURQ', 'K.', 319560, '5chTLnnxlxQVAgEv6YbEBe', 84),
('4cV9zzKtPtW4i0FhnEwazU', 'Each Time You Fall in Love', 290160, '5chTLnnxlxQVAgEv6YbEBe', 69),
('0yuAWlxq59xT3agQ965OxE', 'Sunsetz', 214680, '5chTLnnxlxQVAgEv6YbEBe', 84),
('1oAwsWBovWRIp7qLMGPIet', 'Apocalypse', 290146, '5chTLnnxlxQVAgEv6YbEBe', 89),
('6eknHC7HjAKchl23x2A7dW', 'Flash', 274106, '5chTLnnxlxQVAgEv6YbEBe', 68),
('2KhrPRV0V1FS2l4eQMJUWt', 'Sweet', 291640, '5chTLnnxlxQVAgEv6YbEBe', 83),
('2Ddfm2NQwTRsf7YVlt258S', 'Opera House', 364680, '5chTLnnxlxQVAgEv6YbEBe', 72),
('6i2XzqnaxvpNVTUw8EjPMU', 'Truly', 243640, '5chTLnnxlxQVAgEv6YbEBe', 66),
('4xbN7giFhdGbSQTPyG178F', 'John Wayne', 258013, '5chTLnnxlxQVAgEv6YbEBe', 76),
('2XIX01WCkNRqL1gQ5OBgJt', 'Young & Dumb', 273426, '5chTLnnxlxQVAgEv6YbEBe', 64),
('3KbOflJ5JqHWtmco4PiO3h', 'The Grants', 295201, '5HOHne1wzItQlIYmLXLYfZ', 59),
('0HEzuLLojblUOaUSdmJ9gl', 'Did you know that there''s a tunnel under Ocean Blvd', 285050, '5HOHne1wzItQlIYmLXLYfZ', 69),
('6x8g6DxglrzCSwKhv2Q1ee', 'Sweet', 215295, '5HOHne1wzItQlIYmLXLYfZ', 61),
('5nW4z3pfZgJAJ2QTCz9AIE', 'A&W', 433916, '5HOHne1wzItQlIYmLXLYfZ', 67),
('4fFqFgMDP9lY8tqEoArFGq', 'Judah Smith Interlude', 276757, '5HOHne1wzItQlIYmLXLYfZ', 52),
('3MlEryrxCKZkcfX18ZLX96', 'Candy Necklace (feat. Jon Batiste)', 314520, '5HOHne1wzItQlIYmLXLYfZ', 59),
('2JFVBojvTHpSZLoyowuZys', 'Jon Batiste Interlude', 213435, '5HOHne1wzItQlIYmLXLYfZ', 52),
('4VL310GGX3b2ixL3sV0Je8', 'Kintsugi', 378951, '5HOHne1wzItQlIYmLXLYfZ', 56),
('1BUckPDAi8NYfLN7EiQcQA', 'Fingertips', 348256, '5HOHne1wzItQlIYmLXLYfZ', 56),
('0Oqxt6JixieLHbwMfnJGWO', 'Paris, Texas (feat. SYML)', 206722, '5HOHne1wzItQlIYmLXLYfZ', 72),
('4brdb8L2Cy3e9AN8IfV9l8', 'Text Book', 303227, '2wwCc6fcyhp1tfY3J6Javr', 56),
('4U9ACZETPOqGuJkWtjkjLF', 'Blue Banisters', 293692, '2wwCc6fcyhp1tfY3J6Javr', 56),
('3EZTyh1wJEmreJH1aULPCj', 'Arcadia', 263399, '2wwCc6fcyhp1tfY3J6Javr', 57),
('5rmIMPXAlfidbd9f2AfwlQ', 'Interlude - The Trio', 75960, '2wwCc6fcyhp1tfY3J6Javr', 53),
('2LQGoKFKkZ9yk3UeYFj2xo', 'Black Bathing Suit', 318040, '2wwCc6fcyhp1tfY3J6Javr', 57),
('1RPsOAaHaRu8JlVdeaciuL', 'If You Lie Down With Me', 265186, '2wwCc6fcyhp1tfY3J6Javr', 65),
('5uPpzqixdzAMXprr4P5aT5', 'Beautiful', 215760, '2wwCc6fcyhp1tfY3J6Javr', 55),
('5yrAkKml7mtzmPPbjB2qTC', 'Violets for Roses', 255040, '2wwCc6fcyhp1tfY3J6Javr', 61),
('7iqQz931tn59mK6IZ3knRx', 'Dealer', 274293, '2wwCc6fcyhp1tfY3J6Javr', 72),
('4y9vLiQ9mQb6XNEtc4K6ou', 'Thunder', 259466, '2wwCc6fcyhp1tfY3J6Javr', 68),
('4Hl9rOqYomojCmxYfr25im', 'White Dress', 333710, '6QeosPQpJckkW0Obir5RT8', 57),
('7bPWdJgx8vek7S5i5yAtvG', 'Chemtrails Over The Country Club', 271176, '6QeosPQpJckkW0Obir5RT8', 80),
('0hyImI8JaWONOrzKH7kJsC', 'Tulsa Jesus Freak', 215673, '6QeosPQpJckkW0Obir5RT8', 67),
('1gxdWpeOUBpvB908fiZs4D', 'Let Me Love You Like A Woman', 200661, '6QeosPQpJckkW0Obir5RT8', 58),
('5RJot1fR8C90lLXzHtUqpo', 'Wild At Heart', 246609, '6QeosPQpJckkW0Obir5RT8', 58),
('1dBBmAddRRIw6GwF7dPz6z', 'Dark But Just A Game', 235664, '6QeosPQpJckkW0Obir5RT8', 60),
('0Z3JiHn6mhcObPmKhV9WRW', 'Not All Who Wander Are Lost', 245634, '6QeosPQpJckkW0Obir5RT8', 55),
('3WIifw9lqdgSZpt9renBAg', 'Yosemite', 306205, '6QeosPQpJckkW0Obir5RT8', 56),
('1hn1kCOG5dm1XgZYKpfaLR', 'Breaking Up Slowly', 177535, '6QeosPQpJckkW0Obir5RT8', 55),
('6TZitk9QD7531Jl1TT7TeH', 'Dance Till We Die', 243035, '6QeosPQpJckkW0Obir5RT8', 53),
('3MebYJnEDK4XdnCj3VMLjL', 'The Mountain (feat. Dennis Hopper, Ajay Prasanna, Anoushka Shankar, Amaan Ali Bangash and Ayaan Ali Bangash)', 290621, '1RvJmGd47lKS4XMXs9j8hD', 64),
('6VflG4mpZSlpKnqNRL3NO9', 'The Moon Cave (feat. Asha Puthli, Bobby Womack, Dave Jolicoeur, Jalen Ngonda and Black Thought)', 297787, '1RvJmGd47lKS4XMXs9j8hD', 68),
('4JbyNMvp3BqVILVy4Bbevf', 'The Happy Dictator (feat. Sparks)', 284775, '1RvJmGd47lKS4XMXs9j8hD', 62),
('2jSbuzSLLvFYO7xAMEU85i', 'The Hardest Thing (feat. Tony Allen)', 138264, '1RvJmGd47lKS4XMXs9j8hD', 61),
('4HnBNOfnPYCgRzB1dcAi3x', 'Orange County (feat. Bizarrap, Kara Jackson and Anoushka Shankar)', 208461, '1RvJmGd47lKS4XMXs9j8hD', 62),
('5nrbuDZe5Hod1nUsND6QUA', 'The God of Lying (feat. IDLES)', 189021, '1RvJmGd47lKS4XMXs9j8hD', 61),
('5FH7DTLl8WQNkZs00Cb3EM', 'The Empty Dream Machine (feat. Black Thought, Johnny Marr and Anoushka Shankar)', 340874, '1RvJmGd47lKS4XMXs9j8hD', 61),
('1WUBWl3jNNYo0hrPTrA5D0', 'The Manifesto (feat. Trueno and Proof)', 439125, '1RvJmGd47lKS4XMXs9j8hD', 60),
('68nwsIBVoGDO38VKhtvKzD', 'The Plastic Guru (feat. Johnny Marr and Anoushka Shankar)', 194969, '1RvJmGd47lKS4XMXs9j8hD', 59),
('4uIXvy8PbYLEhs0PZgaP8p', 'Delirium (feat. Mark E. Smith)', 232173, '1RvJmGd47lKS4XMXs9j8hD', 59),
('58YF9ZJIfMO1wcZrklmnA4', 'Cracker Island (feat. Thundercat)', 213750, '1aoWxOWHJNG1VPpJZwpYl2', 51),
('3077zJdkrjvys57YcRuCgx', 'Oil (feat. Stevie Nicks)', 230141, '1aoWxOWHJNG1VPpJZwpYl2', 49),
('0YPB5IM14HtNfZHR13cWxA', 'The Tired Influencer', 211031, '1aoWxOWHJNG1VPpJZwpYl2', 46),
('1r3ZtE2w3l6KMEoAVpt6Fn', 'Silent Running (feat. Adeleye Omotayo)', 266338, '1aoWxOWHJNG1VPpJZwpYl2', 49),
('4Zx4y8jc0W1en9naQ1GDW2', 'New Gold (feat. Tame Impala and Bootie Brown)', 215149, '1aoWxOWHJNG1VPpJZwpYl2', 47),
('3ZcwLEEnCwahu78mnquEGa', 'Baby Queen', 220105, '1aoWxOWHJNG1VPpJZwpYl2', 46),
('1X6HRUmdGkJ7A8YR5s7Gfd', 'Tarantula', 211549, '1aoWxOWHJNG1VPpJZwpYl2', 45),
('67m53SyedbOS5fUGcfT3Ab', 'Tormenta (feat. Bad Bunny)', 193463, '1aoWxOWHJNG1VPpJZwpYl2', 49),
('63rZ9InG6YLtJH0ML5YWta', 'Skinny Ape', 281258, '1aoWxOWHJNG1VPpJZwpYl2', 44),
('6TNG6iAAHmQE9D8Wx1LYKb', 'Possession Island (feat. Beck)', 206410, '1aoWxOWHJNG1VPpJZwpYl2', 43),
('4J3I4jpAtNjsclcs99jzeF', 'Cracker Island (feat. Thundercat)', 213750, '4wtZQMNTC1O79kDxMBsEan', 65),
('36MGfjOTOwx1udRX5dDnoJ', 'Oil (feat. Stevie Nicks)', 230141, '4wtZQMNTC1O79kDxMBsEan', 60),
('1Wld681KIdy5ZosdDb5bfz', 'The Tired Influencer', 211031, '4wtZQMNTC1O79kDxMBsEan', 50),
('0ZGWe02EtMpw40QAzOVZD1', 'Silent Running (feat. Adeleye Omotayo)', 266338, '4wtZQMNTC1O79kDxMBsEan', 61),
('60SvhHtwefT0e2G7i7kOH3', 'New Gold (feat. Tame Impala and Bootie Brown)', 215149, '4wtZQMNTC1O79kDxMBsEan', 76),
('3FwCEB2BNFzWQ9rn4goCXZ', 'Baby Queen', 220105, '4wtZQMNTC1O79kDxMBsEan', 58),
('0rnGYYBw32ALUIiuEgwv2c', 'Tarantula', 211549, '4wtZQMNTC1O79kDxMBsEan', 51),
('38UYeBLfvpnDSG9GznZdnL', 'Tormenta (feat. Bad Bunny)', 193463, '4wtZQMNTC1O79kDxMBsEan', 73),
('67BbnzIuXFd5knDLwB3mkN', 'Skinny Ape', 281258, '4wtZQMNTC1O79kDxMBsEan', 50),
('0gclZ31Oo7rysAQDg7HguD', 'Possession Island (feat. Beck)', 206410, '4wtZQMNTC1O79kDxMBsEan', 47),
('4YmS7BALpAU0h4EAF4fYuh', 'SPEED DEMON', 211960, '2KrREEyHxkdFGYAd1DmMdS', 73),
('26MqDvGIe4A4UZpF5J2Ame', 'BETTER MAN', 169000, '2KrREEyHxkdFGYAd1DmMdS', 65),
('1mEQbSq0PCNjyL6oMgHKFQ', 'LOVE SONG', 172306, '2KrREEyHxkdFGYAd1DmMdS', 68),
('2arETTjDUyUqXR0x5g6E8U', 'I DO', 223906, '2KrREEyHxkdFGYAd1DmMdS', 65),
('0mQLFm42be28X8yKBTiHP3', 'I THINK YOU''RE SPECIAL', 165586, '2KrREEyHxkdFGYAd1DmMdS', 68),
('2IXltsrRPTEeCjy8mH9UAm', 'MOTHER IN YOU', 205853, '2KrREEyHxkdFGYAd1DmMdS', 62),
('7itUbJA4IGNGOrvOOGywD7', 'WITCHYA', 163320, '2KrREEyHxkdFGYAd1DmMdS', 63),
('3RxlFiTnV3K7FbEWobxW73', 'EYE CANDY', 237653, '2KrREEyHxkdFGYAd1DmMdS', 63),
('5hplO2Sk1SaZgSaR05m6Nn', 'DON''T WANNA', 165733, '2KrREEyHxkdFGYAd1DmMdS', 59),
('2Rv2EIpEmEi5fGVtr5KVgI', 'BAD HONEY', 156106, '2KrREEyHxkdFGYAd1DmMdS', 61),
('72PVbRKkUimweUPV0nKAPs', 'ALL I CAN TAKE', 247546, '5vD5M5VW62LL78Ko8x0CVZ', 67),
('5BZsQlgw21vDOAjoqkNgKb', 'DAISIES', 176453, '5vD5M5VW62LL78Ko8x0CVZ', 89),
('29iva9idM6rFCPUlu7Rhxl', 'YUKON', 163866, '5vD5M5VW62LL78Ko8x0CVZ', 85),
('01p5urrGw5fuFCcfT7PBgc', 'GO BABY', 194760, '5vD5M5VW62LL78Ko8x0CVZ', 72),
('1j8TmNa6vaFAEAws43kP0Q', 'THINGS YOU DO', 108386, '5vD5M5VW62LL78Ko8x0CVZ', 68),
('5cfsQZEFf1IpQr8F9vI9le', 'BUTTERFLIES', 193525, '5vD5M5VW62LL78Ko8x0CVZ', 63),
('1r3uOHPoiIv89Xb6K9bDH4', 'WAY IT IS', 195319, '5vD5M5VW62LL78Ko8x0CVZ', 66),
('4ZZJ7S4Z1pEIvTUgN1oRzS', 'FIRST PLACE', 200400, '5vD5M5VW62LL78Ko8x0CVZ', 60),
('5PAKAADzrSpMDxcaRpSDCm', 'SOULFUL', 36666, '5vD5M5VW62LL78Ko8x0CVZ', 55),
('0LutvoC2HqCfnaRSjrhtzo', 'WALKING AWAY', 244013, '5vD5M5VW62LL78Ko8x0CVZ', 70),
('6i4G85fdtDwK6UpQba337E', '2 Much', 152796, '3uPnO1aZBwMgWK1DI5zve9', 48),
('2t96tGXVqmNT9KbbIXyEP1', 'Deserve You', 187238, '3uPnO1aZBwMgWK1DI5zve9', 41),
('5RE1BlC2bVRL02T0wcLq2X', 'As I Am (feat. Khalid)', 174406, '3uPnO1aZBwMgWK1DI5zve9', 41),
('3Ic8V1CEjOY53OVpo2k1Ap', 'Off My Face', 156467, '3uPnO1aZBwMgWK1DI5zve9', 43),
('2HFHwTr1IBWheGoQtNNKtx', 'Holy (feat. Chance The Rapper)', 212093, '3uPnO1aZBwMgWK1DI5zve9', 42),
('7K5ASMnqnCR42bJBJ3GAVz', 'Unstable (feat. The Kid LAROI)', 158324, '3uPnO1aZBwMgWK1DI5zve9', 40),
('5D0ylGlouZRFfaCLgmm1wA', 'MLK Interlude', 104007, '3uPnO1aZBwMgWK1DI5zve9', 32),
('7enNMlrM074O02PPj5ena0', 'Die For You (feat. Dominic Fike)', 198425, '3uPnO1aZBwMgWK1DI5zve9', 40),
('6vnSlld7gcZOOZo9O3Bw16', 'Hold On', 170813, '3uPnO1aZBwMgWK1DI5zve9', 42),
('5kHn6VJfMEThQYcG9AayaR', 'Somebody', 179414, '3uPnO1aZBwMgWK1DI5zve9', 40),
('3C5yxZTCcDOi4pnFEnKJdC', 'Cards', 223227, '1cqqIH16XzBnDchrXJ9Enf', 65),
('03JZr55j9bIj1d2RQJ7Yq9', 'Jealous Type', 163647, '1cqqIH16XzBnDchrXJ9Enf', 75),
('2qGvxAKXbajPFRb9ybIMOD', 'AAAHH MEN!', 193786, '1cqqIH16XzBnDchrXJ9Enf', 68),
('0Nta861K14dJO3yIWdvqzJ', 'Couples Therapy', 161838, '1cqqIH16XzBnDchrXJ9Enf', 58),
('5T0mnzMsyHtmWB7Kou51Ph', 'Gorgeous', 266021, '1cqqIH16XzBnDchrXJ9Enf', 68),
('6IBTI6u7tVNtWojUHnO4Ap', 'Stranger', 201173, '1cqqIH16XzBnDchrXJ9Enf', 66),
('6cm4pRaaxCbI004zWr0Gvj', 'All Mine', 202588, '1cqqIH16XzBnDchrXJ9Enf', 59),
('3jYMt6j13zQGXfFLaO3BKv', 'Take Me Dancing (feat. SZA)', 224468, '1cqqIH16XzBnDchrXJ9Enf', 65),
('26hz3o1RH47yyE2iZnj9J7', 'Lipstain', 203259, '1cqqIH16XzBnDchrXJ9Enf', 57),
('6bmg5bRyVsYEDwpvrdAk3A', 'Silly! Fun!', 152943, '1cqqIH16XzBnDchrXJ9Enf', 60),
('4a7DIqwIwx0klBiEMOf3Jn', 'ACKNOWLEDGE ME', 190613, '5ho4S2bnJJdF0uwT8YiQsw', 46),
('7ts2TD8NlvD5EunhWPLXKV', 'DISRESPECTFUL', 156240, '5ho4S2bnJJdF0uwT8YiQsw', 45),
('7jwU5Pfd995ZGv2bFJbewU', 'URRRGE!!!!!!!!!! (feat. A$AP Rocky)', 152653, '5ho4S2bnJJdF0uwT8YiQsw', 46),
('4MJghVlIBrEivciBJ6WnQW', 'OKLOSER', 169066, '5ho4S2bnJJdF0uwT8YiQsw', 45),
('6kU93IwZUTQU9blyP7YqSe', 'MASC (feat. Teezo Touchdown)', 205933, '5ho4S2bnJJdF0uwT8YiQsw', 44),
('0HLDKJWIse3v2rNUbywsIf', 'PISS', 155361, '5ho4S2bnJJdF0uwT8YiQsw', 42),
('5niG10SG2DUv7VIfJgVgsg', 'HEADHIGH', 199466, '5ho4S2bnJJdF0uwT8YiQsw', 44),
('7sqiwexbERxHZB4yEeIZKV', 'Paint The Town Red', 230466, '5ho4S2bnJJdF0uwT8YiQsw', 43),
('7CJlb9oHKcYo48gu7DIY6V', 'Demons', 195575, '5ho4S2bnJJdF0uwT8YiQsw', 43),
('164JJ5FySrUge79fVpDKK5', 'Wet Vagina', 192238, '5ho4S2bnJJdF0uwT8YiQsw', 46),
('7DlZH8EiVDgQXNoj3dnyZC', 'Paint The Town Red', 230466, '6DmPNcfpkXBVRJsEIJY9tl', 60),
('6vb4kCEIM7zrwuHlxFbfeB', 'Demons', 195575, '6DmPNcfpkXBVRJsEIJY9tl', 59),
('5MqauQV2PhcEFfhKtBOTua', 'Wet Vagina', 192238, '6DmPNcfpkXBVRJsEIJY9tl', 60),
('6DOphQTeNmy1gk3um8sPYC', 'Fuck The Girls (FTG)', 152877, '6DmPNcfpkXBVRJsEIJY9tl', 49),
('18EGw1StZNDftpUcX8PM74', 'Ouchies', 122186, '6DmPNcfpkXBVRJsEIJY9tl', 50),
('3zLwDjumhvIFFwAAZaDNPL', '97', 177667, '6DmPNcfpkXBVRJsEIJY9tl', 48),
('15sNe8FD178zMsVz6ug0AS', 'Gun', 176835, '6DmPNcfpkXBVRJsEIJY9tl', 54),
('032UZ3KVrzII6AE9Abnj7z', 'Go Off', 197488, '6DmPNcfpkXBVRJsEIJY9tl', 54),
('4rjQxlKAIXbEqHzjrnYZ7x', 'Shutcho', 187408, '6DmPNcfpkXBVRJsEIJY9tl', 54),
('7dJYggqjKo71KI9sLzqCs8', 'Agora Hills', 265360, '6DmPNcfpkXBVRJsEIJY9tl', 76),
('1CsMKhwEmNnmvHUuO5nryA', 'SKINNY', 219733, '7aJuG4TFXa2hmE4z1yxc3n', 77),
('629DixmZGHc7ILtEntuiWE', 'LUNCH', 179586, '7aJuG4TFXa2hmE4z1yxc3n', 81),
('7BRD7x5pt8Lqa1eGYC4dzj', 'CHIHIRO', 303440, '7aJuG4TFXa2hmE4z1yxc3n', 86),
('6dOtVTDdiauQNBQEDOtlAB', 'BIRDS OF A FEATHER', 210373, '7aJuG4TFXa2hmE4z1yxc3n', 94),
('3QaPy1KgI7nu9FJEQUgn6h', 'WILDFLOWER', 261466, '7aJuG4TFXa2hmE4z1yxc3n', 92),
('6TGd66r0nlPaYm3KIoI7ET', 'THE GREATEST', 293840, '7aJuG4TFXa2hmE4z1yxc3n', 81),
('6fPan2saHdFaIHuTSatORv', 'L’AMOUR DE MA VIE', 333986, '7aJuG4TFXa2hmE4z1yxc3n', 80),
('1LLUoftvmTjVNBHZoQyveF', 'THE DINER', 186346, '7aJuG4TFXa2hmE4z1yxc3n', 76),
('7DpUoxGSdlDHfqCYj0otzU', 'BITTERSUITE', 298440, '7aJuG4TFXa2hmE4z1yxc3n', 75),
('2prqm9sPLj10B4Wg0wE5x9', 'BLUE', 343120, '7aJuG4TFXa2hmE4z1yxc3n', 80),
('4HOryCnbme0zBnF8LWij3f', 'Getting Older', 244221, '0JGOiO34nwfUdDrD612dOp', 72),
('7bcy34fBT2ap1L4bfPsl9q', 'I Didn''t Change My Number', 158463, '0JGOiO34nwfUdDrD612dOp', 72),
('2KnuaZYoGzDoHiBTNYOTXG', 'Billie Bossa Nova', 196730, '0JGOiO34nwfUdDrD612dOp', 77),
('3YUMWmx8EJq0DurfuIwoGh', 'my future', 210005, '0JGOiO34nwfUdDrD612dOp', 70),
('4t2OeILB07eMGTXSUbMPEu', 'Oxytocin', 210232, '0JGOiO34nwfUdDrD612dOp', 70),
('0FfqyjhB6Kspvit1oOo7ax', 'GOLDWING', 151536, '0JGOiO34nwfUdDrD612dOp', 67),
('4191RXFPa7Ge9XkA4cWlna', 'Lost Cause', 212496, '0JGOiO34nwfUdDrD612dOp', 70),
('5XsAal7ZcWg1I5T4NcRjkv', 'Halley''s Comet', 234761, '0JGOiO34nwfUdDrD612dOp', 77),
('4T2zre0jqstNJ5Gt0WG9lz', 'Not My Responsibility', 227679, '0JGOiO34nwfUdDrD612dOp', 68),
('5uSG6fUPRaehaV820zcpsK', 'OverHeated', 214058, '0JGOiO34nwfUdDrD612dOp', 66),
('0rQtoQXQfwpDW0c7Fw1NeM', '!!!!!!!', 13578, '0S0KGZnfBGSIssfF54WSJh', 13),
('2Fxmhks0bxGSBdJ92vM42m', 'bad guy', 194087, '0S0KGZnfBGSIssfF54WSJh', 81),
('4QIo4oxwzzafcBWkKjDpXY', 'xanny', 243725, '0S0KGZnfBGSIssfF54WSJh', 70),
('3XF5xLJHOQQRbWya6hBp7d', 'you should see me in a crown', 180952, '0S0KGZnfBGSIssfF54WSJh', 75),
('6IRdLKIyS4p7XNiP8r6rsx', 'all the good girls go to hell', 168839, '0S0KGZnfBGSIssfF54WSJh', 72),
('3Fj47GNK2kUF0uaEDgXLaD', 'wish you were gay', 221543, '0S0KGZnfBGSIssfF54WSJh', 74),
('43zdsphuZLzwA9k4DJhU0I', 'when the party''s over', 196077, '0S0KGZnfBGSIssfF54WSJh', 84),
('6X29iaaazwho3ab7GNue5r', '8', 173201, '0S0KGZnfBGSIssfF54WSJh', 66),
('3Tc57t9l2O8FwQZtQOvPXK', 'my strange addiction', 179889, '0S0KGZnfBGSIssfF54WSJh', 75),
('4SSnFejRGlZikf02HLewEF', 'bury a friend', 193143, '0S0KGZnfBGSIssfF54WSJh', 74),
('6t90Z9XkdsHD8xMxro6KRP', 'Consideration', 161066, '4UlGauD7ROb3YbVOFMgW5u', 72),
('6K4Co1NQyOnoFEJMkZHkln', 'James Joint', 72080, '4UlGauD7ROb3YbVOFMgW5u', 65),
('0UHB9METy4VCXNgkcGqHqS', 'Kiss It Better', 253080, '4UlGauD7ROb3YbVOFMgW5u', 85),
('72TFWvU3wUYdUuxejTTIzt', 'Work', 219320, '4UlGauD7ROb3YbVOFMgW5u', 81),
('4mCf3vQf7z0Yseo0RxAi3V', 'Desperado', 186466, '4UlGauD7ROb3YbVOFMgW5u', 71),
('3HQcsqRjRdruUjkbDSgmVF', 'Woo', 235586, '4UlGauD7ROb3YbVOFMgW5u', 74),
('4pAl7FkDMNBsjykPXo91B3', 'Needed Me', 191600, '4UlGauD7ROb3YbVOFMgW5u', 83),
('7eDYNlBwRMeFOZHOZ95dZ1', 'Yeah, I Said It', 133080, '4UlGauD7ROb3YbVOFMgW5u', 66),
('6RtzmszGXs32TRhv5zTKNM', 'Same Ol’ Mistakes', 397093, '4UlGauD7ROb3YbVOFMgW5u', 66),
('7Jd5LgnSRQElW6FsTWVPzE', 'Never Ending', 202506, '4UlGauD7ROb3YbVOFMgW5u', 56),
('4pp7VqgssnQtlLJg7LIrkO', 'Consideration', 161066, '48i37aZTC1prDr4EcpQeEa', 47),
('0430PIZJLy3Oo691nMeUH0', 'James Joint', 72080, '48i37aZTC1prDr4EcpQeEa', 45),
('49tG0W4vxwEQtpr0FfkzTQ', 'Kiss It Better', 253080, '48i37aZTC1prDr4EcpQeEa', 50),
('5gZsEYaYvyi1sAVyuiXbDm', 'Work', 219320, '48i37aZTC1prDr4EcpQeEa', 56),
('6ELYUjIai7bjtyUocOLCRE', 'Desperado', 186466, '48i37aZTC1prDr4EcpQeEa', 46),
('3ueQAPksJqgen3LYyAVVgw', 'Woo', 235586, '48i37aZTC1prDr4EcpQeEa', 46),
('4NlnpZPi5Z3r1uuyRglUhO', 'Needed Me', 191600, '48i37aZTC1prDr4EcpQeEa', 56),
('1q35smJsSPtVl4aoc72wYN', 'Yeah, I Said It', 133080, '48i37aZTC1prDr4EcpQeEa', 44),
('39hkTmV9qe7lB2PTA0KVbk', 'Same Ol’ Mistakes', 397093, '48i37aZTC1prDr4EcpQeEa', 44),
('7DJmn7YiwwpU2QTwycq6Lt', 'Never Ending', 202506, '48i37aZTC1prDr4EcpQeEa', 40),
('2qJeiWIZhb3FqREoDPPFPu', 'Phresh Out The Runway', 222413, '5pLlGJrxuQO3jMoQe1XxZY', 51),
('6O20JhBJPePEkBdrB5sqRx', 'Diamonds', 225146, '5pLlGJrxuQO3jMoQe1XxZY', 76),
('3Naj4ZtvX9VpVqJH5EKmJE', 'Numb', 205066, '5pLlGJrxuQO3jMoQe1XxZY', 48),
('5r67bGhYXZNqk2m2Wupfmu', 'Pour It Up', 161200, '5pLlGJrxuQO3jMoQe1XxZY', 71),
('5Mk1tgVrSuoWWwPVFNS0jB', 'Loveeeeeee Song', 256320, '5pLlGJrxuQO3jMoQe1XxZY', 78),
('4IBihEaN04iwfX5I9sGFj9', 'Jump', 264453, '5pLlGJrxuQO3jMoQe1XxZY', 49),
('42Ow7PS3YtCWplolUUigDo', 'Right Now', 181626, '5pLlGJrxuQO3jMoQe1XxZY', 61),
('2RWs4c3ZJ74WwXlVC3QCQN', 'What Now', 243093, '5pLlGJrxuQO3jMoQe1XxZY', 60),
('0GNI8K3VATWBABQFAzBAYe', 'Stay', 240706, '5pLlGJrxuQO3jMoQe1XxZY', 75),
('6EAxaAk1eZx0aqqH4ff4rP', 'Nobody''s Business', 216293, '5pLlGJrxuQO3jMoQe1XxZY', 70),
('7ffAlbOWcI5u6NN6XHPfSS', 'Disease', 229997, '3ARwSvDQv2OHYnLeDC3Lxi', 59),
('4vcDr56fq4Jjxpegx3XPnv', 'Abracadabra', 223398, '3ARwSvDQv2OHYnLeDC3Lxi', 60),
('4iKIF8qI3dq6fntHeIdcAw', 'Garden Of Eden', 239720, '3ARwSvDQv2OHYnLeDC3Lxi', 59),
('5amdAZWVhOqFHodIyf53bI', 'Perfect Celebrity', 229252, '3ARwSvDQv2OHYnLeDC3Lxi', 57),
('1d9AAVXN2uohnH4Fe07Xxn', 'Can’t Stop the High', 211088, '3ARwSvDQv2OHYnLeDC3Lxi', 59),
('6A331YYR5zoG6XixuHX7yE', 'Vanish Into You', 244915, '3ARwSvDQv2OHYnLeDC3Lxi', 58),
('0RxdWAztwE2qKbtYk7NNWr', 'Killah (feat. Gesaffelstein)', 210651, '3ARwSvDQv2OHYnLeDC3Lxi', 56),
('4vQcqtphmJBR5R44F5iNvl', 'Zombieboy', 213337, '3ARwSvDQv2OHYnLeDC3Lxi', 56),
('5pobX21I8uZdHM8YOWItU7', 'The Dead Dance', 228518, '3ARwSvDQv2OHYnLeDC3Lxi', 73),
('2Xunjp5lfCjPJKuiWEVA5O', 'LoveDrug', 193232, '3ARwSvDQv2OHYnLeDC3Lxi', 56),
('5sdmtQqSDr1kUbnnUK1RXY', 'Slap That Bass | Get Happy | What The World Needs Now Is Love - Music From The Motion Picture', 196000, '3X2oYJbZtrmszmNeXRpckc', 33),
('69xu2EnbSJ8oODVH2ovjmr', 'For Once in My Life - Music From The Motion Picture', 169000, '3X2oYJbZtrmszmNeXRpckc', 36),
('18YKCiNw0gjK025fTAb8Dd', 'If My Friends Could See Me Now - Music From The Motion Picture', 192000, '3X2oYJbZtrmszmNeXRpckc', 33),
('4Twrnhrg6yIFCdor6yoFvW', 'Folie à Deux - Music From The Motion Picture', 104000, '3X2oYJbZtrmszmNeXRpckc', 34),
('7HlcqBxEZfCFLxtQPTC6EF', 'Bewitched - Music From The Motion Picture', 178920, '3X2oYJbZtrmszmNeXRpckc', 32),
('1X3NvqJ7ki9rDJz4nIc6Fb', 'That''s Entertainment - Music From The Motion Picture', 100973, '3X2oYJbZtrmszmNeXRpckc', 31),
('4dnoQrufD23hPUuK3RTqEp', 'When You’re Smiling (The Whole World Smiles With You) - Music From The Motion Picture', 105746, '3X2oYJbZtrmszmNeXRpckc', 30),
('7FyQqFixAnYRi64pcM63Nx', 'To Love Somebody - Music From The Motion Picture', 109680, '3X2oYJbZtrmszmNeXRpckc', 37),
('3R1GEnPh6Y3rW7bCxRezjw', '(They Long To Be) Close To You - Music From The Motion Picture', 168640, '3X2oYJbZtrmszmNeXRpckc', 40),
('4J6WjnT9kU3inMBlqZrEvS', 'The Joker - Music From The Motion Picture', 221360, '3X2oYJbZtrmszmNeXRpckc', 34),
('6RyJt2SvLFghIDe1eCviD9', 'Good Morning', 166300, '6eKdAMXNBlXNtPy7OdBL50', 43),
('2YQ0DrIFS90FEK8T4JOa8W', 'Get Happy (2024)', 191700, '6eKdAMXNBlXNtPy7OdBL50', 42),
('2Qt1GqEOR6gfBCNTZv9Q8P', 'Oh, When The Saints', 222603, '6eKdAMXNBlXNtPy7OdBL50', 42),
('1CmyFUdrzcI2TldyJzOHSb', 'World On A String', 157863, '6eKdAMXNBlXNtPy7OdBL50', 44),
('0I27tCo8rexgdYnhkSaL7k', 'If My Friends Could See Me Now', 161733, '6eKdAMXNBlXNtPy7OdBL50', 42),
('2zOSxEAk90JTKYNHqE8LXc', 'That''s Entertainment', 249466, '6eKdAMXNBlXNtPy7OdBL50', 42),
('38ILZqA8DlkbKfjosEDSb1', 'Smile', 218721, '6eKdAMXNBlXNtPy7OdBL50', 43),
('5zZoEDawAlJNgUzxknlV9V', 'The Joker', 174734, '6eKdAMXNBlXNtPy7OdBL50', 48),
('1ud0FiEQLVIDlWEqDIEvwW', 'Folie à Deux', 178714, '6eKdAMXNBlXNtPy7OdBL50', 43),
('2KniNOsSdTc2XUewjfoRyF', 'Gonna Build A Mountain', 171654, '6eKdAMXNBlXNtPy7OdBL50', 41),
('4snRyiaLyvTMui0hzp8MF7', 'Intro : JANE with FKJ', 98255, '1vWMw6pu3err6qqZzI3RhH', 62),
('0fK7ie6XwGxQTIkpFoWkd1', 'like JENNIE', 123517, '1vWMw6pu3err6qqZzI3RhH', 88),
('6SaSFVlIQC1L6Fh1QKLeFi', 'start a war', 165066, '1vWMw6pu3err6qqZzI3RhH', 69),
('3gJAFFELdZyIM8tiwLAikg', 'Handlebars (feat. Dua Lipa)', 184698, '1vWMw6pu3err6qqZzI3RhH', 74),
('7rzzByujLJIBXpyOCnJhfx', 'with the IE (way up)', 163899, '1vWMw6pu3err6qqZzI3RhH', 72),
('4EIFwndJvGpgFjsEbNuYif', 'ExtraL (feat. Doechii)', 167754, '1vWMw6pu3err6qqZzI3RhH', 77),
('1kUyOJb3fzUo8r0OCz5SQk', 'Mantra', 136627, '1vWMw6pu3err6qqZzI3RhH', 79),
('0rx7xu0RmZLpJjKNVZjSVv', 'Love Hangover (feat. Dominic Fike)', 180129, '1vWMw6pu3err6qqZzI3RhH', 73),
('2chbuybiy6aDDBC985tJcP', 'ZEN', 201446, '1vWMw6pu3err6qqZzI3RhH', 76),
('6HjYE79OOCGEhkIRfXLqrz', 'Damn Right (feat. Childish Gambino & Kali Uchis)', 230895, '1vWMw6pu3err6qqZzI3RhH', 70),
('6aaV2MGGLYjo1aGltdm6IZ', 'pony', 84451, '6mTQHfKvNR9x20dTBLhgmJ', 58),
('0r9Gf89bXrhDgkDKNnJQJO', '2008', 67879, '6mTQHfKvNR9x20dTBLhgmJ', 52),
('69hxJUfnF1iGoVHNc2QFOh', 'im a monster in your real life', 84865, '6mTQHfKvNR9x20dTBLhgmJ', 61),
('1qe9MLvNk15vNiiMH3xL6b', 'stop reminding me im human', 69725, '6mTQHfKvNR9x20dTBLhgmJ', 48),
('3xs8mxJv9I7pqRnBdmg4aa', 'isnt it obvious', 108500, '6mTQHfKvNR9x20dTBLhgmJ', 56),
('2TufsUBydHYbz2bTicZ5Te', 'stupid', 79466, '6mTQHfKvNR9x20dTBLhgmJ', 49),
('4bFWee5liNzWr5BpcJBw33', 'you ruin everything dont you', 61293, '6mTQHfKvNR9x20dTBLhgmJ', 54),
('6tzi9zFr2Fj04d4QzopG7r', 'ik your waiting...', 84701, '6mTQHfKvNR9x20dTBLhgmJ', 48),
('0KpjTOn0WrRA71n59BgEqt', 'birthday', 78615, '6mTQHfKvNR9x20dTBLhgmJ', 50),
('4R4tfhmLBLzBQNmsvxArKZ', 'bipolar', 85250, '6mTQHfKvNR9x20dTBLhgmJ', 66),
('4QiWw5HNibKR1ikSU54p4q', 'i dont think we''ll ever find him', 64788, '16g3MJk9OmtNXwRrrPMPUK', 49),
('6RF0RRs9lK3cmdkKemN8tT', 'whore', 83519, '16g3MJk9OmtNXwRrrPMPUK', 53),
('7pMEbnXJTTzSTlOvS209wN', 'i keep calling ...', 82735, '16g3MJk9OmtNXwRrrPMPUK', 58),
('3PCzGoqsslBYvIVwnZRdkU', 'if you hate me now it would make me proud', 82581, '16g3MJk9OmtNXwRrrPMPUK', 49),
('1PRPeEiUkXTiSoqxju728C', 'ware me out like old clothes', 90913, '16g3MJk9OmtNXwRrrPMPUK', 55),
('7Encr3F5e3v88cf8rOIPcb', 'el sonata (an interlude for the parasitic)', 62033, '16g3MJk9OmtNXwRrrPMPUK', 47),
('37RgUzXEkrlqVrbXbMi6yJ', 'dont you wanna see me soon', 64393, '16g3MJk9OmtNXwRrrPMPUK', 47),
('735nYGNTNEq15fOG8G0hYc', 'suburban daredevil', 74995, '16g3MJk9OmtNXwRrrPMPUK', 48),
('4K475XgrOAIwfIbp0Pks2B', 'my twenty first reason </3', 105995, '16g3MJk9OmtNXwRrrPMPUK', 67),
('5DdRHtsjDnb7CNS4CFSCtF', 'girl', 70173, '16g3MJk9OmtNXwRrrPMPUK', 49),
('0bCoQ7swjICAoOuOmHvvcm', 'lets sit and watch the world burn together', 23269, '6FoDELk022luh2Ap6t7bFH', 6),
('1F33Kl8BQNLxv11vxbM0Dn', 'it was just a dream silly girl return to your peaceful slumber', 47615, '6FoDELk022luh2Ap6t7bFH', 40),
('1gNM3ac2QUDaG4u9C8QuXK', 'sleep through youre alarms your not well', 52182, '6FoDELk022luh2Ap6t7bFH', 40),
('0rWrkMbMzsv3VoHWQ3Gn4I', 'lovefool demo', 99336, '6FoDELk022luh2Ap6t7bFH', 60),
('7f4AbRZfpNBJ4EoqYm6ui7', 'back to my day job', 79153, '6FoDELk022luh2Ap6t7bFH', 58),
('1Pkt5vAZueUMETEys1LBOb', 'oh well youll be fine', 53225, '6FoDELk022luh2Ap6t7bFH', 43),
('0hg9x4n0oko8rEqMKAsytr', 'i was 13 in 2017 and didnt have a cat', 72634, '6FoDELk022luh2Ap6t7bFH', 41),
('66Frbh2j2ZEZAnyY6aiCJN', 'campfire stories', 48216, '6FoDELk022luh2Ap6t7bFH', 36),
('5TG7u61YTJxQ2zDkNspOCy', 'oh and wait they just leaked it', 71711, '6FoDELk022luh2Ap6t7bFH', 39),
('1SphgxwP2ed74gtbdGx92M', 'dont let the door hit you on the way out', 46418, '6FoDELk022luh2Ap6t7bFH', 38),
('7miSeymjiJxibtxegZ1E92', 'lovercore (intro)', 73633, '75FM00r9Lgdi0YHv7vvzzB', 49),
('2Zq3Trov36G0TtrUt4ZklL', 'superstar', 169361, '75FM00r9Lgdi0YHv7vvzzB', 60),
('4y1TFAj2g0yWYsbgvunzEn', 'vanish', 173551, '75FM00r9Lgdi0YHv7vvzzB', 57),
('7DHtEW30WxZ888qxqorLSL', 'eat me alive', 141829, '75FM00r9Lgdi0YHv7vvzzB', 58),
('6TnCfFPnHT6Zy1a0mo9zam', 'love is a knife', 167272, '75FM00r9Lgdi0YHv7vvzzB', 60),
('0OMyy0GiobzJNQrtr7NTFB', 'take it easy on me', 144329, '75FM00r9Lgdi0YHv7vvzzB', 51),
('7m68lt3SYrQuk1C9mqC0L0', 'baby give me more (feat. Mareux)', 225600, '75FM00r9Lgdi0YHv7vvzzB', 56),
('5MyK3yVqENRiFaZ9G59GTs', 'in my arms', 135849, '75FM00r9Lgdi0YHv7vvzzB', 54),
('3ogssDPrnKziJOX2yzVK8Q', 'not quite you', 132602, '75FM00r9Lgdi0YHv7vvzzB', 51),
('3hugwYy0UYSuqPNkckEQZT', 'u don''t have to tell me', 135919, '75FM00r9Lgdi0YHv7vvzzB', 53),
('3JG1uFc40wfyrqaWC7iv0e', 'i like the way you kiss me', 142514, '5nzSCZ7NhKvAysI0tmNOdD', 76),
('3iUDHA6FGAKfHX2jmgF0vO', 'i always kinda knew you’d be the death of me', 136099, '5nzSCZ7NhKvAysI0tmNOdD', 61),
('6Gron8VFcNPwj7ZamJe7Pt', 'you''ve been a bad girl', 143712, '5nzSCZ7NhKvAysI0tmNOdD', 59),
('5CcGu19vM6KONpXTyn44zd', 'stupidhead', 151007, '5nzSCZ7NhKvAysI0tmNOdD', 52),
('4moj13K6Q7bDIc0O4SKhU5', 'caroline', 176144, '5nzSCZ7NhKvAysI0tmNOdD', 65),
('1lau6K2YSP5APtkzNJxVyB', 'dirty little secret', 181346, '5nzSCZ7NhKvAysI0tmNOdD', 65),
('6Q57LMIIjmbOBkvXe8ADW4', 'wet dreams', 99750, '5nzSCZ7NhKvAysI0tmNOdD', 68),
('7o5ubeFufZUof8IEHXM4pw', 'ride me darling', 93277, '5nzSCZ7NhKvAysI0tmNOdD', 49),
('5iCpI93YUFv6LBUWiDXQWC', 'slow dance', 154677, '5nzSCZ7NhKvAysI0tmNOdD', 50),
('6feeRSrPoQ1vGC6010AZYP', 'you''re simply wonderful', 164285, '5nzSCZ7NhKvAysI0tmNOdD', 50),
('1ACA277B6f46DYCgZW8di3', 'if u think i''m pretty', 128205, '2xpgb8R0BXVS2e1XnXI9xZ', 75),
('5xKHORmwcry4AsHMEfDE98', 'shall we celebrate?', 125849, '2xpgb8R0BXVS2e1XnXI9xZ', 50),
('2rYXXYRrP3qOOPkUsUTsal', 'ur special to me', 114418, '2xpgb8R0BXVS2e1XnXI9xZ', 57),
('2MOQaM9ODPp76bJeVvzojM', 'too slow', 114663, '2xpgb8R0BXVS2e1XnXI9xZ', 51),
('14K1dZ8zZzwfam9Qbqbdqr', 'like an angel', 111049, '2xpgb8R0BXVS2e1XnXI9xZ', 47),
('1CZyqNGZjFXzKE43WC2rjU', 'enemies', 152635, '2xpgb8R0BXVS2e1XnXI9xZ', 48),
('1GnTBbaFtxNkHEjUsWEdNu', 'cross my heart', 146216, '2xpgb8R0BXVS2e1XnXI9xZ', 66),
('7sxz7iukZOZQI8gojX3tKH', 'just want u to feel something', 170151, '2xpgb8R0BXVS2e1XnXI9xZ', 62),
('7jOvPQvd4RTZdTzJmlYA5m', 'please don''t humble me', 171587, '2xpgb8R0BXVS2e1XnXI9xZ', 55),
('1oic0Wedm3XeHxwaxmwO91', 'breath away', 166849, '2xpgb8R0BXVS2e1XnXI9xZ', 54),
('3QFrw6b4eCwwT9liApL9Ft', 'dont forget her', 120521, '04FS2RGpTrQMmWUbpUVNf4', 54),
('54C5dWx5R8xW3DECnG3ZtY', 'now you''re gone', 116375, '04FS2RGpTrQMmWUbpUVNf4', 51),
('32lIufo736MvCB6SrMoPzq', 'catastrophe', 123518, '04FS2RGpTrQMmWUbpUVNf4', 44),
('6WV0rTQHNo55hzV6NfLeuL', 'pumpkin party', 123846, '04FS2RGpTrQMmWUbpUVNf4', 41),
('6QMEcEwZYIirOzfX2N2w3n', 'come with me', 91846, '04FS2RGpTrQMmWUbpUVNf4', 27),
('4TlQdxUqPomhFPNcnWsDHJ', 'one more time', 88032, '04FS2RGpTrQMmWUbpUVNf4', 28),
('4bOGw7iCH3ahivBpaCtjGD', 'i need you here with me', 97619, '04FS2RGpTrQMmWUbpUVNf4', 35),
('1RdoUggLgLMbYtDQjsUo7F', 'tell me something', 73430, '04FS2RGpTrQMmWUbpUVNf4', 31),
('4whkhyXTrTgHKZzkUvdwoq', 'My Old Ways', 298783, '5WulAOx9ilWy1h8UGZ1gkI', 76),
('5x0zW1JcdON7Zli2umGEJg', 'No Reply', 215079, '5WulAOx9ilWy1h8UGZ1gkI', 67),
('1NXbNEAcPvY5G1xvfN57aA', 'Dracula', 205308, '5WulAOx9ilWy1h8UGZ1gkI', 83),
('7bxaFZ1O3cHkgLKMsdC3xR', 'Loser', 223069, '5WulAOx9ilWy1h8UGZ1gkI', 72),
('1grOl5UNPBMDtrW96KbNdH', 'Oblivion', 268968, '5WulAOx9ilWy1h8UGZ1gkI', 64),
('12wDKbddX9bUYHd1Rl8gmu', 'Not My World', 254120, '5WulAOx9ilWy1h8UGZ1gkI', 62),
('0gwCQvjDPCTFEq9790FGdC', 'Piece Of Heaven', 284608, '5WulAOx9ilWy1h8UGZ1gkI', 66),
('0On1SxfkvTOfzvjVgFLK7V', 'Obsolete', 263640, '5WulAOx9ilWy1h8UGZ1gkI', 67),
('7J4EeyDpz2z8LuDFTuxskK', 'Ethereal Connection', 462304, '5WulAOx9ilWy1h8UGZ1gkI', 61),
('4dReLsqSqYhrC83Qgg7Lyx', 'See You On Monday (You''re Lost)', 214956, '5WulAOx9ilWy1h8UGZ1gkI', 59),
('5ozqshq2dtU7SYCpCBu0NE', 'One More Year', 324013, '31qVWUdRrlb8thMvts0yYL', 61),
('6WCXBUFa0z3l9DoOY3k5Xe', 'Instant Destiny', 194706, '31qVWUdRrlb8thMvts0yYL', 59),
('5hM5arv9KDbCHS0k9uqwjr', 'Borderline', 237800, '31qVWUdRrlb8thMvts0yYL', 85),
('1KcOU0q9AMXV9xi4tSzzCc', 'Posthumous Forgiveness', 366066, '31qVWUdRrlb8thMvts0yYL', 62),
('3LbZIhU0smEU5SUnxod4j4', 'Breathe Deeper', 372866, '31qVWUdRrlb8thMvts0yYL', 72),
('666PdikRnUzdvjT9p5wWND', 'Tomorrow''s Dust', 326840, '31qVWUdRrlb8thMvts0yYL', 56),
('0IuE6FnXPCdZ8NLuuvJRhb', 'On Track', 301786, '31qVWUdRrlb8thMvts0yYL', 62),
('5JWPUEov2wlX7c0jhYZpeB', 'Lost In Yesterday', 249586, '31qVWUdRrlb8thMvts0yYL', 71),
('6RZmhpvukfyeSURhf4kZ0d', 'Is It True', 239266, '31qVWUdRrlb8thMvts0yYL', 77),
('558ubozatFQlweufvHa3Ip', 'It Might Be Time', 273026, '31qVWUdRrlb8thMvts0yYL', 58),
('2X485T9Z5Ly0xyaghN73ed', 'Let It Happen', 467586, '79dL7FLiJFOO0EoehUHQBv', 84),
('1cCbsojaA6GIT7Y3zuMJ1q', 'Nangs', 107533, '79dL7FLiJFOO0EoehUHQBv', 75),
('1UYj8qTWjneZJDVjUMwMub', 'The Moment', 255413, '79dL7FLiJFOO0EoehUHQBv', 71),
('0xtIp0lgccN85GfGOekS5L', 'Yes I''m Changing', 270680, '79dL7FLiJFOO0EoehUHQBv', 76),
('5M4yti0QxgqJieUYaEXcpw', 'Eventually', 318591, '79dL7FLiJFOO0EoehUHQBv', 79),
('79chzfFIIq7cHkqcYYORk0', 'Gossip', 55413, '79dL7FLiJFOO0EoehUHQBv', 59),
('6K4t31amVTZDgR3sKmwUJJ', 'The Less I Know The Better', 216320, '79dL7FLiJFOO0EoehUHQBv', 89),
('4a9fW33mYR8LhXBOLUhbfF', 'Past Life', 228040, '79dL7FLiJFOO0EoehUHQBv', 62),
('2gNfxysfBRfl9Lvi9T3v6R', 'Disciples', 108546, '79dL7FLiJFOO0EoehUHQBv', 64),
('2O99aywAVBhaPrsiJ6zbSS', '''Cause I''m A Man', 241986, '79dL7FLiJFOO0EoehUHQBv', 64),
('4PvgxcCZxATeWt4vAZOISo', 'Serve The Servants - 2023 Remaster', 215115, '68uIz7DtgDoPUFTKxdzL9t', 42),
('2nBW0vuSbiSGRpTm4SMc3Y', 'Scentless Apprentice - 2023 Remaster', 227584, '68uIz7DtgDoPUFTKxdzL9t', 40),
('2LKAB4VBxok5XPD4JVvyNX', 'Heart-Shaped Box - 2023 Remaster', 280533, '68uIz7DtgDoPUFTKxdzL9t', 41),
('6LUVnYAspgzDQLWKhV1N7l', 'Rape Me - 2023 Remaster', 169584, '68uIz7DtgDoPUFTKxdzL9t', 41),
('2w0tLhhthDCLxu2VHi2cqQ', 'Frances Farmer Will Have Her Revenge On Seattle - 2023 Remaster', 249580, '68uIz7DtgDoPUFTKxdzL9t', 39),
('41GZsHDaQs5xsfxD156swD', 'Dumb - 2023 Remaster', 151457, '68uIz7DtgDoPUFTKxdzL9t', 40),
('5Yludhd9Q6nHd4j9vUJ7I6', 'Very Ape - 2023 Remaster', 115580, '68uIz7DtgDoPUFTKxdzL9t', 38),
('2kcdPyiExkzqac5hbiINw8', 'Milk It - 2023 Remaster', 234484, '68uIz7DtgDoPUFTKxdzL9t', 37),
('0kHPbQ9gbKAmH2ZDcyuLhf', 'Pennyroyal Tea - 2023 Remaster', 218078, '68uIz7DtgDoPUFTKxdzL9t', 36),
('5izemlhrMj5VtWRrQASlqK', 'Radio Friendly Unit Shifter - 2023 Remaster', 290966, '68uIz7DtgDoPUFTKxdzL9t', 36),
('4TMhakloPMPS84lNHNTSa3', 'Smells Like Teen Spirit - Remastered 2021', 300893, '5eA0qtE7Yu29XiMlwoby2G', 55),
('2hJ2EY0LekqGQOFoROEdCj', 'In Bloom - Remastered 2021', 254533, '5eA0qtE7Yu29XiMlwoby2G', 36),
('1MsfdAHNRX2T1BWmkpj87C', 'Come As You Are - Remastered 2021', 218920, '5eA0qtE7Yu29XiMlwoby2G', 46),
('5scxJnxEkTHdBUAt380WvS', 'Breed - Remastered 2021', 183333, '5eA0qtE7Yu29XiMlwoby2G', 39),
('2kqtHm0tMQt3siFstCmZ7I', 'Lithium - Remastered 2021', 256398, '5eA0qtE7Yu29XiMlwoby2G', 39),
('7sRCNXJwpNnG2QHMbc3YDL', 'Polly - Remastered 2021', 174133, '5eA0qtE7Yu29XiMlwoby2G', 30),
('2eMi5NrN8a5AAeo4xy87Hw', 'Territorial Pissings - Remastered 2021', 143093, '5eA0qtE7Yu29XiMlwoby2G', 33),
('0WjXWg5siGyu2aNhs4ROK2', 'Drain You - Remastered 2021', 223733, '5eA0qtE7Yu29XiMlwoby2G', 43),
('5L9kgzrhy9IpgYEPD0624C', 'Lounge Act - Remastered 2021', 156586, '5eA0qtE7Yu29XiMlwoby2G', 34),
('0DSB5Os8yvk4lDUNTaO30D', 'Stay Away - Remastered 2021', 211693, '5eA0qtE7Yu29XiMlwoby2G', 30),
('0YsDqHWbLScrzFAvmSGyOd', 'Radio Friendly Unit Shifter - Live & Loud', 270680, '4Sdfp3NL90GZoYYwLmhk0H', 36),
('2iWFFQdRV4YOlJwEMK4ukY', 'Drain You - Live & Loud', 222049, '4Sdfp3NL90GZoYYwLmhk0H', 41),
('3jhXPqmG7XXebz1ZjecpDF', 'Breed - Live & Loud', 193707, '4Sdfp3NL90GZoYYwLmhk0H', 37),
('6mrYsSzOI4nDnTcIXGhXTG', 'Serve The Servants - Live & Loud', 203272, '4Sdfp3NL90GZoYYwLmhk0H', 37),
('0zk5N2l5c8YracLr5Zg0qk', 'Rape Me - Live & Loud', 159241, '4Sdfp3NL90GZoYYwLmhk0H', 36),
('3LNvv5DoUSINrYioh5uq0G', 'Sliver - Live & Loud', 125629, '4Sdfp3NL90GZoYYwLmhk0H', 35),
('3TZeISSt8QpEhcip2OUvS3', 'Pennyroyal Tea - Live & Loud', 221309, '4Sdfp3NL90GZoYYwLmhk0H', 34),
('4FmXp4wBQRtuq2z9T4MSA7', 'Scentless Apprentice - Live & Loud', 233926, '4Sdfp3NL90GZoYYwLmhk0H', 35),
('7MjPAdHoRmRoiTKi1PXyMk', 'All Apologies - Live & Loud', 218663, '4Sdfp3NL90GZoYYwLmhk0H', 33),
('5GgfA1Cel00rtzU2mNCuaL', 'Heart Shaped Box - Live & Loud', 269254, '4Sdfp3NL90GZoYYwLmhk0H', 36),
('0Ji9UonfwC90rbZ4IaQhOb', 'City Walls', 322066, '1El3k8dU3sKyoGUeuyrolH', 72),
('43ee3gqWBlPKe2MeGJ2S6I', 'RAWFEAR', 202266, '1El3k8dU3sKyoGUeuyrolH', 71),
('20BFo9REyGdCxrlPmD3xph', 'Drum Show', 203826, '1El3k8dU3sKyoGUeuyrolH', 70),
('6YJYhPKP7MRzJSHqe3QI9K', 'Garbage', 196666, '1El3k8dU3sKyoGUeuyrolH', 68),
('22BA9h34P0Q2PGZudsEBco', 'The Contract', 225520, '1El3k8dU3sKyoGUeuyrolH', 69),
('11QNo3ld81pncy71q6VIic', 'Downstairs', 326333, '1El3k8dU3sKyoGUeuyrolH', 67),
('0d2Ik5rp9Icd1oqn4178x2', 'Robot Voices', 237493, '1El3k8dU3sKyoGUeuyrolH', 66),
('2BHSRlGgJwzTPfYvAax28m', 'Center Mass', 228173, '1El3k8dU3sKyoGUeuyrolH', 66),
('1aVDGnB6ydtXwudYLgUB6h', 'Cottonwood', 188106, '1El3k8dU3sKyoGUeuyrolH', 66),
('5QzlDlRuT9D5LdpybJoNYi', 'One Way', 163160, '1El3k8dU3sKyoGUeuyrolH', 70),
('1LAlLBTGBUO0MDA8IbSysd', 'Overcompensate', 236000, '1KFWgQTw3EMTQebaaepVBI', 66),
('1BANPzYIhCQkJ1ZFq2Fb0O', 'Next Semester', 234400, '1KFWgQTw3EMTQebaaepVBI', 67),
('6fNaHkjAxP6rI2sZhT7QJn', 'Backslide', 180000, '1KFWgQTw3EMTQebaaepVBI', 66),
('7GVQS66ukm48XZVymA3ZUg', 'Midwest Indigo', 196266, '1KFWgQTw3EMTQebaaepVBI', 67),
('4bDIAWaOBGAAk95nyXI6zJ', 'Routines In The Night', 202600, '1KFWgQTw3EMTQebaaepVBI', 73),
('3sEufjE0ITaW5qhtnW3avv', 'Vignette', 202133, '1KFWgQTw3EMTQebaaepVBI', 65),
('4hfqe20vqkuRv1RDsA1LbQ', 'The Craving (Jenna''s version)', 174133, '1KFWgQTw3EMTQebaaepVBI', 60),
('49oxuPnuWOL793zpF6zgLQ', 'Lavish', 158866, '1KFWgQTw3EMTQebaaepVBI', 62),
('3gy21TwRSP40aUMwcY7Rtq', 'Navigating', 223106, '1KFWgQTw3EMTQebaaepVBI', 69),
('5QPGnFslbDUQ7mDteKn3By', 'Snap Back', 210266, '1KFWgQTw3EMTQebaaepVBI', 63),
('2YWBOEAoZVVyKPNbhVDsfO', 'Intro - MTV Unplugged Live', 78691, '2kAer61g2HN6upL2zXAjzd', 37),
('1sPl3C6vlbHWnO0rCXxXQe', 'Stressed Out - MTV Unplugged Live', 263449, '2kAer61g2HN6upL2zXAjzd', 45),
('4IMxLpdUPWreh9cxmolYEV', 'Tear in My Heart - MTV Unplugged Live', 282226, '2kAer61g2HN6upL2zXAjzd', 43),
('5GNMILNbAGVvZIq4yVpi1l', 'House Of Gold / Lane Boy - MTV Unplugged Live', 419776, '2kAer61g2HN6upL2zXAjzd', 42),
('1QuBa6BS3u70ez5QxYN941', 'Shy Away - MTV Unplugged Live', 361421, '2kAer61g2HN6upL2zXAjzd', 43),
('1qr2dVzIi4UsHo7XfMVk4u', 'Ride / Nico And The Niners - MTV Unplugged Live', 318914, '2kAer61g2HN6upL2zXAjzd', 42),
('1MQnmbpB2jHPZX6iutOBDo', 'Car Radio / Heathens - MTV Unplugged Live', 338911, '2kAer61g2HN6upL2zXAjzd', 44),
('7o53vC5HqQpTBDzGTMNMzW', 'Snowflake', 586693, '0CnpU8D00V1mfJeOt7tsqB', 34),
('3lwgg0pIvYtG7nS6GV726C', 'Lake Tahoe', 668120, '0CnpU8D00V1mfJeOt7tsqB', 31),
('3c83rYyHasVxLP2NunP2B0', 'Misty', 812133, '0CnpU8D00V1mfJeOt7tsqB', 31),
('0XCWo7RVAkJXMD9fiK0bFZ', 'Wild Man', 436560, '0CnpU8D00V1mfJeOt7tsqB', 33),
('1ZZkwzdqst4dJdcx5hLcoo', 'Snowed In At Wheeler Street', 485053, '0CnpU8D00V1mfJeOt7tsqB', 29),
('11mbFcwOCjsxMYxcvrksBw', '50 Words For Snow', 510880, '0CnpU8D00V1mfJeOt7tsqB', 27),
('1IZoGT2TXi4x08X7gPYIB5', 'Among Angels', 408640, '0CnpU8D00V1mfJeOt7tsqB', 26),
('7GLtY66QsuRrHFWY2GOpkR', 'Flower Of The Mountain', 314053, '1ZG2nadmGlJER7mkWkh60u', 23),
('7wpZQpBH1nKqORa2jUoRq0', 'The Song Of Solomon', 284906, '1ZG2nadmGlJER7mkWkh60u', 22),
('2e3ND7fOdFJFu56fHRaSDf', 'Lily', 244613, '1ZG2nadmGlJER7mkWkh60u', 23),
('5xeo9nxCxRGi8HqgVYXIx0', 'Deeper Understanding', 392035, '1ZG2nadmGlJER7mkWkh60u', 20),
('6hyVogZGQO5Un1UCkhesVJ', 'The Red Shoes', 298066, '1ZG2nadmGlJER7mkWkh60u', 19),
('2tov4iwsZ1kowV33MygKo6', 'This Woman''s Work', 389573, '1ZG2nadmGlJER7mkWkh60u', 24),
('52aYU7tWgIvKlH9E77BHtP', 'Moments Of Pleasure', 391733, '1ZG2nadmGlJER7mkWkh60u', 22),
('7xyXbfmEF0YK4q6xr6RR8y', 'Never Be Mine', 305040, '1ZG2nadmGlJER7mkWkh60u', 19),
('5PMm9QFITJIPewF5hqsmCu', 'Top Of The City', 263533, '1ZG2nadmGlJER7mkWkh60u', 18),
('3CfuODMROUQl7r01uJJml2', 'And So Is Love', 260626, '1ZG2nadmGlJER7mkWkh60u', 20),
('09sbuqGCIGS6WdN6lzRNMg', 'King Of The Mountain - 2018 Remaster', 292866, '6EK8l8rFuMpAn27TNOCwsH', 34),
('6UaUjHFc3YnKnk9R8wN4ww', 'Pi - 2018 Remaster', 369533, '6EK8l8rFuMpAn27TNOCwsH', 29),
('2vx1vgjBaVPxFTCDIsc83F', 'Bertie - 2018 Remaster', 259133, '6EK8l8rFuMpAn27TNOCwsH', 29),
('4d203weATlKsTdq7wkjX8n', 'Mrs. Bartolozzi - 2018 Remaster', 358960, '6EK8l8rFuMpAn27TNOCwsH', 27),
('7ua8zx3i8U7clNNXpNsW4N', 'How To Be Invisible - 2018 Remaster', 332306, '6EK8l8rFuMpAn27TNOCwsH', 32),
('0HyofiCgthJL9VDwytFmV5', 'Joanni - 2018 Remaster', 296173, '6EK8l8rFuMpAn27TNOCwsH', 27),
('17G8hAidrShkfrrDN2B8GS', 'A Coral Room - 2018 Remaster', 372373, '6EK8l8rFuMpAn27TNOCwsH', 28),
('2Z6ynWKfXbp66zGf5GSbyD', 'Prelude - 2018 Remaster', 85893, '6EK8l8rFuMpAn27TNOCwsH', 34),
('1xcKLHQ4KcI5rtFOsZusTv', 'Prologue - 2018 Remaster', 341306, '6EK8l8rFuMpAn27TNOCwsH', 35),
('0RwmRvaoJKpTMnenlxYMxc', 'An Architect''s Dream - 2018 Remaster', 294853, '6EK8l8rFuMpAn27TNOCwsH', 32),
('1zx6GSqLYI2ynzAHnPRKBR', 'There’d Better Be A Mirrorball', 265798, '2GROf0WKoP5Er2M9RXVNNs', 59),
('1UwUhKmFxGKs59xiWO60Sx', 'I Ain’t Quite Where I Think I Am', 191173, '2GROf0WKoP5Er2M9RXVNNs', 53),
('5hljqZrl0h7RcIhUnOPuve', 'Sculptures Of Anything Goes', 239151, '2GROf0WKoP5Er2M9RXVNNs', 58),
('2HReNSxrMRcJ0cYMzKAJK6', 'Jet Skis On The Moat', 197576, '2GROf0WKoP5Er2M9RXVNNs', 52),
('42GuKw49pPxNAkIhWGwgFs', 'Body Paint', 290584, '2GROf0WKoP5Er2M9RXVNNs', 58),
('0C6dSPCqwKqwos6s1CrDrh', 'The Car', 198554, '2GROf0WKoP5Er2M9RXVNNs', 51),
('4KPi4VNvPOfKqIp1sx19Xf', 'Big Ideas', 237984, '2GROf0WKoP5Er2M9RXVNNs', 55),
('5ygEUpyZy5qtZ1423zymBW', 'Hello You', 244932, '2GROf0WKoP5Er2M9RXVNNs', 55),
('5fClRRa7P9nPIpstj50veV', 'Mr Schwartz', 210012, '2GROf0WKoP5Er2M9RXVNNs', 50),
('0z5x3VmmQ7cyTeOP7VAf3T', 'Perfect Sense', 167379, '2GROf0WKoP5Er2M9RXVNNs', 51),
('5dthj0uH1DJAbxC6B9n4Co', 'Four Out Of Five - Live', 331520, '7Heaa0B4KOxdWhSICTR2wE', 43),
('1RJxGCTCROHUFVWMFOWPYM', 'Brianstorm - Live', 209906, '7Heaa0B4KOxdWhSICTR2wE', 42),
('38mecB29TH0gTqIxhM4OK1', 'Crying Lightning - Live', 240706, '7Heaa0B4KOxdWhSICTR2wE', 42),
('5zDoSmh06F7kjXGIHFhQzh', 'Do I Wanna Know? - Live', 281093, '7Heaa0B4KOxdWhSICTR2wE', 46),
('1VUcb7Ik5bYw0SzXBH9rLr', 'Why''d You Only Call Me When You''re High? - Live', 183680, '7Heaa0B4KOxdWhSICTR2wE', 43),
('4Q2vbGXSU28xWveWKp4wra', '505 - Live', 275733, '7Heaa0B4KOxdWhSICTR2wE', 43),
('4hZlP9bciuyeBMxPqYHR1C', 'One Point Perspective - Live', 202706, '7Heaa0B4KOxdWhSICTR2wE', 40),
('3d7DrmuuKPkJxvCX7G7pOZ', 'Do Me A Favour - Live', 239533, '7Heaa0B4KOxdWhSICTR2wE', 40),
('5F3cEp3T5zbvWtBsp2FVzp', 'Cornerstone - Live', 221973, '7Heaa0B4KOxdWhSICTR2wE', 40),
('5yJKvGzNSgxbyAGmOrIF3t', 'Knee Socks - Live', 350466, '7Heaa0B4KOxdWhSICTR2wE', 41),
('0b93tWwuoAC0nXe1CfR30I', 'Star Treatment', 354640, '7v6FNgLDS8KmaWA1amUtqe', 56),
('1t67WYNfUxfOiwaz7SJ66b', 'One Point Perspective', 208640, '7v6FNgLDS8KmaWA1amUtqe', 57),
('2HbYLDA1SigY1ilC94ieVu', 'American Sports', 158040, '7v6FNgLDS8KmaWA1amUtqe', 51),
('2URDbWGmPz3vhagl25p8OC', 'Tranquility Base Hotel & Casino', 211967, '7v6FNgLDS8KmaWA1amUtqe', 57),
('0U6Vg6RUmzADUO0Y9fVKft', 'Golden Trunks', 173626, '7v6FNgLDS8KmaWA1amUtqe', 50),
('5Z5nbOXhsSbySVC7WUc6y9', 'Four Out Of Five', 312346, '7v6FNgLDS8KmaWA1amUtqe', 60),
('5rqQTEIVK2PTuXU9GI2wT0', 'The World''s First Ever Monster Truck Front Flip', 180013, '7v6FNgLDS8KmaWA1amUtqe', 50),
('6hkfgHhYXyDVYahUOZhGRd', 'Science Fiction', 185906, '7v6FNgLDS8KmaWA1amUtqe', 49),
('60T4FDF1tTcFlXkI08FFhL', 'She Looks Like Fun', 182560, '7v6FNgLDS8KmaWA1amUtqe', 50),
('7aiKdAM9WYW3GzWSA9OXIl', 'Batphone', 271613, '7v6FNgLDS8KmaWA1amUtqe', 51),
('1HnY1Lu9tH5YK8DiIxho9i', '2 + 2 = 5 - Live', 216164, '5BLrEOEDKoDDg5T8PzdIHN', 48),
('0AHb0DwnLi0X0ByfFyei0D', 'Sit Down. Stand Up - Live', 251738, '5BLrEOEDKoDDg5T8PzdIHN', 46),
('6kU7m0qhXWMyoLw69gk3b1', 'Sail To The Moon - Live', 259159, '5BLrEOEDKoDDg5T8PzdIHN', 45),
('686yl5S60Y0WdQ1mKNXbkR', 'Go To Sleep - Live', 225962, '5BLrEOEDKoDDg5T8PzdIHN', 44),
('3uKrgtys1C89WeG9gPZbYL', 'Where I End and You Begin - Live', 250840, '5BLrEOEDKoDDg5T8PzdIHN', 44),
('3A0ZuIcPY5rav31jdDTKwa', 'We Suck Young Blood - Live', 297022, '5BLrEOEDKoDDg5T8PzdIHN', 42),
('4UHl6co013uzpT1mlwZM78', 'The Gloaming - Live', 239268, '5BLrEOEDKoDDg5T8PzdIHN', 42),
('54Bs34vTza8CqQuwY6rcg9', 'There, There - Live', 333513, '5BLrEOEDKoDDg5T8PzdIHN', 45),
('3QFK9m2LZvIQpe2bWuDfKx', 'I Will - Live', 129360, '5BLrEOEDKoDDg5T8PzdIHN', 41),
('4CQmN7ytnO5uPJgfpXcNNt', 'Myxomatosis - Live', 244658, '5BLrEOEDKoDDg5T8PzdIHN', 43),
('62dUmjtkYOUwYOALt6pefh', 'Everything In Its Right Place', 251426, '6ofEQubaL265rIW6WnCU8y', 54),
('797AyTQcqoQgqWQ1Qz184Y', 'Kid A', 284506, '6ofEQubaL265rIW6WnCU8y', 46),
('02FcgoInOjsdFT8YdAUMwu', 'The National Anthem', 351693, '6ofEQubaL265rIW6WnCU8y', 46),
('7hFmiFUYmIjELj5d0UjbVh', 'How to Disappear Completely', 356333, '6ofEQubaL265rIW6WnCU8y', 51),
('0XGxvQj8dRhGn41nvXIxN0', 'Treefingers', 222600, '6ofEQubaL265rIW6WnCU8y', 44),
('2NLpanao1S1XKsGpi1hOsT', 'Optimistic', 315973, '6ofEQubaL265rIW6WnCU8y', 45),
('6rBZtu8XpzdZT83CEp4zVT', 'In Limbo', 211000, '6ofEQubaL265rIW6WnCU8y', 43),
('7Kx2i89MjDBLaT6zwy6eM2', 'Idioteque', 309093, '6ofEQubaL265rIW6WnCU8y', 47),
('7esSFXeHFfBhDBhamtT9Nh', 'Morning Bell', 275800, '6ofEQubaL265rIW6WnCU8y', 43),
('5RxiwMqRNyPYjJTobU65UT', 'Motion Picture Soundtrack', 200482, '6ofEQubaL265rIW6WnCU8y', 54),
('4qOeFiO7BASXEiQ23BLrYy', 'Airbag - Remastered', 283800, '0tzfI6NFJqcJkWb23R3lRZ', 44),
('2fCSulwhjYvNxKbh67d4Pd', 'Paranoid Android - Remastered', 383973, '0tzfI6NFJqcJkWb23R3lRZ', 46),
('0vgSQrQMEoa6VecE9Y5Dnk', 'Subterranean Homesick Alien - Remastered', 269093, '0tzfI6NFJqcJkWb23R3lRZ', 43),
('7IjGG1fEIbM6EjlyfYwqni', 'Exit Music (For A Film) - Remastered', 265053, '0tzfI6NFJqcJkWb23R3lRZ', 56),
('1CeC8kOYxUTCC2wHGtWROD', 'Let Down - Remastered', 299280, '0tzfI6NFJqcJkWb23R3lRZ', 68),
('70VjECXPkO7APS1bAj4wEN', 'Karma Police - Remastered', 261426, '0tzfI6NFJqcJkWb23R3lRZ', 50),
('7nD7b2mbbZuDdwW03rLj3f', 'Fitter Happier - Remastered', 117386, '0tzfI6NFJqcJkWb23R3lRZ', 38),
('1p7qydHaybttxuW0vXmJqC', 'Electioneering - Remastered', 230573, '0tzfI6NFJqcJkWb23R3lRZ', 41),
('77iXtVIFppEW5MON7HLusO', 'Climbing Up the Walls - Remastered', 285133, '0tzfI6NFJqcJkWb23R3lRZ', 43),
('39UJG380DXNHAa07pGdVgI', 'No Surprises - Remastered', 228386, '0tzfI6NFJqcJkWb23R3lRZ', 58),
('23m5rUpKrW85DNikaGm7j8', 'From Zero (Intro)', 22174, '5QfFvOMOJ0CrIDmu33RmSJ', 14),
('3AA50LilsWIK5HstsdUa0I', 'The Emptiness Machine', 190427, '5QfFvOMOJ0CrIDmu33RmSJ', 62),
('0UoGxTum73Mmvk9UuCqakG', 'Cut the Bridge', 228606, '5QfFvOMOJ0CrIDmu33RmSJ', 61),
('0Fd4oSOZ2nHtdHOkgyI4qz', 'Heavy Is the Crown', 167012, '5QfFvOMOJ0CrIDmu33RmSJ', 62),
('4EPLnVE718rJDzSYlEU85R', 'Over Each Other', 170445, '5QfFvOMOJ0CrIDmu33RmSJ', 60),
('7iMsm86etNshj6IUgMnpuO', 'Casualty', 140915, '5QfFvOMOJ0CrIDmu33RmSJ', 60),
('2Yh356WJoVcWleiWRFoLUa', 'Overflow', 211027, '5QfFvOMOJ0CrIDmu33RmSJ', 59),
('2fiabxMbdC8AX3iY6zbYRZ', 'Two Faced', 183584, '5QfFvOMOJ0CrIDmu33RmSJ', 60),
('5z3vP51vxtwwCaAwym4z3z', 'Stained', 185414, '5QfFvOMOJ0CrIDmu33RmSJ', 59),
('1Qb2KRdSyk4UtRsbUAW6IG', 'IGYEIH', 209083, '5QfFvOMOJ0CrIDmu33RmSJ', 58),
('1uhces29ApKuQWFdpiUsvH', 'From Zero (Intro)', 22174, '4R6FV9NSzhPihHR0h4pI93', 14),
('1EDPVGbyPKJPeGqATwXZvN', 'The Emptiness Machine', 190427, '4R6FV9NSzhPihHR0h4pI93', 81),
('5mFZipkX1HZ4Idz5LOWpzq', 'Cut the Bridge', 228606, '4R6FV9NSzhPihHR0h4pI93', 70),
('2HBBM75Xv3o2Mqdyh1NcM0', 'Heavy Is the Crown', 167012, '4R6FV9NSzhPihHR0h4pI93', 77),
('3k4gjmYNJugQRlh2aounZ9', 'Over Each Other', 170445, '4R6FV9NSzhPihHR0h4pI93', 68),
('7BkzAHnNW7WfrT4NcLaUDx', 'Casualty', 140915, '4R6FV9NSzhPihHR0h4pI93', 63),
('7diOv6wm3ngF7Vt6ubK0Sf', 'Overflow', 211027, '4R6FV9NSzhPihHR0h4pI93', 63),
('6i5qhmmF9UNUBRyrPSGn4m', 'Two Faced', 183584, '4R6FV9NSzhPihHR0h4pI93', 71),
('0J1IJsMbKWb5g2sJArTkGF', 'Stained', 185414, '4R6FV9NSzhPihHR0h4pI93', 69),
('7M8eZBRTD9QNasEVReEM0H', 'IGYEIH', 209083, '4R6FV9NSzhPihHR0h4pI93', 64),
('4GDMFpLQGOIRBcieUNQ8lM', 'From Zero (Intro) - A Cappella', 22174, '7qKEQkRXySP0rhjtXJksfg', 1),
('2LGHaLNh9BhHKk1C2GBzn5', 'The Emptiness Machine - A Cappella', 185234, '7qKEQkRXySP0rhjtXJksfg', 35),
('1krroldM4h2f8zNunf3IfU', 'Cut the Bridge - A Cappella', 201391, '7qKEQkRXySP0rhjtXJksfg', 30),
('0Lm8MtlV0iivYDCIT7mzJe', 'Heavy Is the Crown - A Cappella', 138263, '7qKEQkRXySP0rhjtXJksfg', 30),
('0RXyWw3IkjOWRhJtRmBHFm', 'Over Each Other - A Cappella', 164438, '7qKEQkRXySP0rhjtXJksfg', 30),
('7AUkizUfEnYwedko6RTduQ', 'Casualty - A Cappella', 139048, '7qKEQkRXySP0rhjtXJksfg', 29),
('5dn1G1VTP7CNuUZPPlzJ2L', 'Overflow - A Cappella', 204776, '7qKEQkRXySP0rhjtXJksfg', 29),
('05RJpYatSHJMzudTFKvBvc', 'Two Faced - A Cappella', 154452, '7qKEQkRXySP0rhjtXJksfg', 28),
('0hRxxZRv3D55cQ1uGivqVO', 'Stained - A Cappella', 177584, '7qKEQkRXySP0rhjtXJksfg', 28),
('1h0wBpzoj66AFBBH8tKkup', 'IGYEIH - A Cappella', 204166, '7qKEQkRXySP0rhjtXJksfg', 28),
('5h1LioQgmLvWoRU7V4pjma', 'Santa Claus Is Comin'' To Town', 159200, '32gqZfrZ51UMunez3CZDJZ', 54),
('6Al20A1P8UlAAJVaqNhtE6', 'Santa Baby', 182040, '32gqZfrZ51UMunez3CZDJZ', 58),
('4MQOInul4Fa1ymK6ocq0jM', 'Winter Wonderland', 132800, '32gqZfrZ51UMunez3CZDJZ', 60),
('6Dpex5v3xDRTaIW8dcdvP2', 'Christmas Magic', 190000, '32gqZfrZ51UMunez3CZDJZ', 51),
('3Ah2aDmRtGRsAjsESncV18', 'Christmas Dreaming', 153226, '32gqZfrZ51UMunez3CZDJZ', 51),
('1gHbdWuuKjbJkgKvIyJtGM', 'The Christmas Waltz', 167666, '32gqZfrZ51UMunez3CZDJZ', 54),
('4OTW21s78rzSrOh9f6GKZ6', 'Love to Keep Me Warm', 158133, '32gqZfrZ51UMunez3CZDJZ', 55),
('5ySpopJq4R7WBcfdI7NG8g', 'Clockwork', 150866, '6lauK4mNENDUMSoekDVDNG', 50),
('7C98kSnYzGhMib1TTfGRl4', 'Lover Girl', 164400, '6lauK4mNENDUMSoekDVDNG', 52),
('5oQCSLTjfg0vsF0hVAG1my', 'Snow White', 193533, '6lauK4mNENDUMSoekDVDNG', 50),
('3z0h4469214xdgS6omlSY1', 'Castle in Hollywood', 153666, '6lauK4mNENDUMSoekDVDNG', 51),
('0umDTMuQFfvfwAFWK9347m', 'Carousel', 199800, '6lauK4mNENDUMSoekDVDNG', 49),
('1oNTXGW3aioF9Je0PHpR9K', 'Silver Lining', 197533, '6lauK4mNENDUMSoekDVDNG', 50),
('63qUnp65NdnhMIgxl6SM1z', 'Too Little, Too Late', 233600, '6lauK4mNENDUMSoekDVDNG', 55),
('17LvWlCWxKJvo1Cbaf3Hca', 'Cuckoo Ballet - Interlude', 219533, '6lauK4mNENDUMSoekDVDNG', 46),
('5Hb5xUOOjwRf4rATXPtPWZ', 'Forget-Me-Not', 246000, '6lauK4mNENDUMSoekDVDNG', 50),
('7DUX29TUEAE39Ph0QlRFME', 'Tough Luck', 192866, '6lauK4mNENDUMSoekDVDNG', 49),
('1zOXs9kBDCGVYZXbxCR3eu', 'Clockwork', 150866, '5rMOCuiWWbEBcHaKM69Hmv', 64),
('4nwjvcUjV7cexhwA40Bh5i', 'Lover Girl', 164400, '5rMOCuiWWbEBcHaKM69Hmv', 79),
('1AZwVoUx3UF5JbkUeMSUGe', 'Snow White', 193533, '5rMOCuiWWbEBcHaKM69Hmv', 63),
('3zTnSPti5JjNsowJH4SS3u', 'Castle in Hollywood', 153666, '5rMOCuiWWbEBcHaKM69Hmv', 67),
('1f1v2sHXpFFtjxB8KVKypW', 'Carousel', 199800, '5rMOCuiWWbEBcHaKM69Hmv', 63),
('4tyjNEHKos3lZPYAfTiMKH', 'Silver Lining', 197533, '5rMOCuiWWbEBcHaKM69Hmv', 69),
('6zEg4KEgz6RGhCPmDKplYf', 'Too Little, Too Late', 233600, '5rMOCuiWWbEBcHaKM69Hmv', 73),
('6iGT4CugvKIPPee1BfNRTp', 'Cuckoo Ballet - Interlude', 219533, '5rMOCuiWWbEBcHaKM69Hmv', 58),
('3cm2v6gfWuixcHL2A6wvGl', 'Forget-Me-Not', 246000, '5rMOCuiWWbEBcHaKM69Hmv', 67),
('5PFjKfGf75I3LkKGiReWp5', 'Tough Luck', 192866, '5rMOCuiWWbEBcHaKM69Hmv', 66),
('4bL5GNTF2zw5WyEle7irMf', 'Shake It On', 314493, '1xQq0txMTpstjFUwp4c4E0', 50),
('42dJ29C11xlJTLkRVmKty1', 'Automaton', 287960, '1xQq0txMTpstjFUwp4c4E0', 50),
('2kX4ykCwUeAVYv6fahnDfG', 'Cloud 9', 236946, '1xQq0txMTpstjFUwp4c4E0', 59),
('6fZouanPj27mII5L4kwvDe', 'Superfresh', 228026, '1xQq0txMTpstjFUwp4c4E0', 42),
('4OcTu05fjO7mRBmfCL1nZd', 'Hot Property', 271986, '1xQq0txMTpstjFUwp4c4E0', 44),
('2xT2d2PxUVKEchW64s2ff9', 'Something About You', 238533, '1xQq0txMTpstjFUwp4c4E0', 49),
('1FEIfJgaGwiLKr4L8W5Iqj', 'Summer Girl', 331800, '1xQq0txMTpstjFUwp4c4E0', 55),
('0AeMnsNv09apEA2w4iLGxu', 'Nights Out In The Jungle', 309160, '1xQq0txMTpstjFUwp4c4E0', 36),
('5Ic5QeBGzZO8wXm8JGSG31', 'Dr Buzz', 361826, '1xQq0txMTpstjFUwp4c4E0', 38),
('5nXAvCjpkB3Bsg1a5qML0H', 'We Can Do It', 246666, '1xQq0txMTpstjFUwp4c4E0', 39),
('3o4rvW7gQXuqW405StWQsE', 'Fantasy', 443813, '4H1YAR9PLOFSz9ks2t17t3', 30),
('3cJZI8jPuoG3zjfcXQAcdt', 'What''s Your Name', 251224, '4H1YAR9PLOFSz9ks2t17t3', 32),
('4NPpPxzdnyj3XYMQwlCXn9', 'Stay Free', 322480, '4H1YAR9PLOFSz9ks2t17t3', 27),
('6kgxZIqVntV1hmM0IFFnhU', 'Here''s to You', 309918, '4H1YAR9PLOFSz9ks2t17t3', 37),
('2JL0H1LWvE6ygTzK8zPHlE', 'The White City, Pt. 3', 570920, '4H1YAR9PLOFSz9ks2t17t3', 24),
('1cAu2tlKS86QMqIGHf75dS', 'Rock Dust Light Star', 281280, '5mTP7Oivpq88d7ZQ9DBt4F', 37),
('7LWXh2JPLzKt1dla81mWWt', 'White Knuckle Ride', 213693, '5mTP7Oivpq88d7ZQ9DBt4F', 55),
('1JKh2bRSYxx04pBEmFM6Bt', 'Smoke and Mirrors', 269946, '5mTP7Oivpq88d7ZQ9DBt4F', 44),
('6lYDFEsQRgCDj0cBKodzG0', 'All Good In The Hood', 215080, '5mTP7Oivpq88d7ZQ9DBt4F', 46),
('3gyAIXrDvHQAsk5UF2V1Bn', 'Hurtin''', 255946, '5mTP7Oivpq88d7ZQ9DBt4F', 30),
('7AJYzLJSLtJzic79quUS0j', 'Blue Skies', 231666, '5mTP7Oivpq88d7ZQ9DBt4F', 45),
('0BUL18qo9Br1PhG1n6vEJ5', 'Lifeline', 279213, '5mTP7Oivpq88d7ZQ9DBt4F', 34),
('5pf655TBrj3TNelXPRUylt', 'She''s A Fast Persuader', 315706, '5mTP7Oivpq88d7ZQ9DBt4F', 33),
('1zw2pnfGDjRjnPOquYGwH6', 'Two Completely Different Things', 264880, '5mTP7Oivpq88d7ZQ9DBt4F', 34),
('4GkcuPPvU15cGnI6JDToZK', 'Goodbye To My Dancer', 245573, '5mTP7Oivpq88d7ZQ9DBt4F', 44),
('0ct0FgC4wIXBNXhxADiOYw', 'Opening - Edit', 58226, '5Fb59VtYjJNTXPcNGpoDU3', 33),
('5LC7nItIEFp4nzdFdEGbf9', 'Stronger Than Me', 214493, '5Fb59VtYjJNTXPcNGpoDU3', 70),
('7phJBl7QDxEurVpW1Nlqf9', 'Poetic Finale - Edit', 173040, '5Fb59VtYjJNTXPcNGpoDU3', 35),
('40GTKaedGtzka8dlV4NuqI', 'What Is It About Men - Live At North Sea Jazz Festival', 285453, '5Fb59VtYjJNTXPcNGpoDU3', 40),
('39zRJRLDREljQNU6LCgMFi', 'Walk - Edit', 74320, '5Fb59VtYjJNTXPcNGpoDU3', 31),
('6OaexwzJ7LXIykBzRqpOmD', 'Some Unholy War - Down Tempo', 195306, '5Fb59VtYjJNTXPcNGpoDU3', 39),
('34Owb4rZbbKapQ4YFeuhVl', 'Holiday Texts - Edit', 52146, '5Fb59VtYjJNTXPcNGpoDU3', 30),
('1g57PnPzUoyRtKADFDehCZ', 'Kidnapping Amy', 104893, '5Fb59VtYjJNTXPcNGpoDU3', 30),
('6l15zKFH48Am5AeuCM38o6', 'Like Smoke', 82360, '5Fb59VtYjJNTXPcNGpoDU3', 36),
('3GnlbPpTLBwz35Cg5sdxuX', 'Tears Dry On Their Own', 187200, '5Fb59VtYjJNTXPcNGpoDU3', 38),
('4NDpn6yfD5aqafYWFEaJDz', 'Our Day Will Come', 169373, '4xdRjOhY9NHmMpI7U3e2c3', 67),
('77RrNbeBUXb1Dtewp0HQuR', 'Between The Cheats', 213586, '4xdRjOhY9NHmMpI7U3e2c3', 53),
('0IEGGuRHP8ylbCXausRF9p', 'Tears Dry - Original Version', 248093, '4xdRjOhY9NHmMpI7U3e2c3', 64),
('0LbK1bodGLc9xmV1cS9jvL', 'Will You Still Love Me Tomorrow? - 2011', 262813, '4xdRjOhY9NHmMpI7U3e2c3', 64),
('2r45rookK2awLkiOHOef1o', 'Like Smoke', 278000, '4xdRjOhY9NHmMpI7U3e2c3', 59),
('1om5SLZiUA9DVEnjcZBBzA', 'Valerie - ''68 Version', 239906, '4xdRjOhY9NHmMpI7U3e2c3', 0),
('7F5rIyOI88zk36AiBXC8xq', 'The Girl From Ipanema', 166960, '4xdRjOhY9NHmMpI7U3e2c3', 58),
('4d0dY3ZeMdoYrD5YmdFvWZ', 'Half Time', 230853, '4xdRjOhY9NHmMpI7U3e2c3', 62),
('2G4rsUWjuBb6vPrUm01etb', 'Wake Up Alone - Original Recording', 264266, '4xdRjOhY9NHmMpI7U3e2c3', 49),
('7BizTaPDXSWVi8vdGeFg0W', 'Best Friends, Right?', 176293, '4xdRjOhY9NHmMpI7U3e2c3', 55),
('1L5tZi0izXsi5Kk5OJf4W0', 'Rehab', 213760, '097eYvf9NKjFnv4xA9s2oV', 69),
('4zQuwW24dweWcaX0fEJkP2', 'You Know I''m No Good', 256946, '097eYvf9NKjFnv4xA9s2oV', 71),
('5RqIM2vv5nw2PGJBqPD8Rg', 'Me & Mr Jones', 151573, '097eYvf9NKjFnv4xA9s2oV', 63),
('2i1S5Dq9SaFGcnw8mnb4ks', 'Just Friends', 191840, '097eYvf9NKjFnv4xA9s2oV', 51),
('30FURVTCpbKyykjSEQzGkH', 'Back To Black', 240440, '097eYvf9NKjFnv4xA9s2oV', 78),
('570ZDO2Lmh6NQChOU5xPUL', 'Love Is A Losing Game', 154160, '097eYvf9NKjFnv4xA9s2oV', 64),
('6yLX8QnxlnEqZfs3YKCfjF', 'Tears Dry On Their Own', 185186, '097eYvf9NKjFnv4xA9s2oV', 70),
('37A5PvtftHtsISQUDFNGUk', 'Wake Up Alone', 221200, '097eYvf9NKjFnv4xA9s2oV', 55),
('0RatRR1mlxEVR6WATH4jV3', 'Some Unholy War', 141266, '097eYvf9NKjFnv4xA9s2oV', 51),
('0sSdFMuYrn3N9moumV466B', 'He Can Only Hold Her', 164880, '097eYvf9NKjFnv4xA9s2oV', 59),
('1TZgdopOZCUxpS5bp1i0Zz', 'The Art of Loving (Intro)', 40500, '0l8zYqoUeBYg47Gmevq9HZ', 72),
('7qEiBWlztvDFrILdizFULx', 'Nice To Each Other', 209000, '0l8zYqoUeBYg47Gmevq9HZ', 74),
('2dmBAIjIfisvCG7G9YEh0g', 'Lady Lady', 209000, '0l8zYqoUeBYg47Gmevq9HZ', 74),
('15yaPgTazHHemSnHYYl8HO', 'Close Up', 195000, '0l8zYqoUeBYg47Gmevq9HZ', 77),
('6sGIMrtIzQjdzNndVxe397', 'So Easy (To Fall In Love)', 169000, '0l8zYqoUeBYg47Gmevq9HZ', 96),
('3Vd4fHzwS6pBS3muymjiDi', 'Let Alone The One You Love', 186000, '0l8zYqoUeBYg47Gmevq9HZ', 87),
('0mYXRQpTGjaLJt1l9MY4ps', 'Man I Need', 184000, '0l8zYqoUeBYg47Gmevq9HZ', 79),
('28HadeGsalBfbVfMEkCcF7', 'Something Inbetween', 152000, '0l8zYqoUeBYg47Gmevq9HZ', 81),
('3bUpRf4GN6SV6ejgQ4IQxT', 'Loud', 184000, '0l8zYqoUeBYg47Gmevq9HZ', 77),
('5SruEBX3KpgpDvEcIuN53P', 'Baby Steps', 197000, '0l8zYqoUeBYg47Gmevq9HZ', 87),
('1IPaRu8lPConHPcdXHQwNA', 'UFO - Live At Eventim Apollo', 204750, '5572B4RA9LsfrkXA7rU29M', 55),
('4ohkrQZ3wHGFOIPf9IrDeC', 'Ok Love You Bye - Live At Eventim Apollo', 169374, '5572B4RA9LsfrkXA7rU29M', 58),
('58iyXYp3jRCIQFYzPat0hQ', 'Danger - Live At Eventim Apollo', 221003, '5572B4RA9LsfrkXA7rU29M', 54),
('0Y01lyWjLTk4K9GdtxXUGa', 'Be My Own Boyfriend - Live At Eventim Apollo', 215460, '5572B4RA9LsfrkXA7rU29M', 57),
('1Gr79Y5WZAdaGmD7s7qZsc', 'No Man - Live At Eventim Apollo', 196000, '5572B4RA9LsfrkXA7rU29M', 53),
('3q41FziL8FHDqExbmZCaGe', 'Messy - Live At Eventim Apollo', 301165, '5572B4RA9LsfrkXA7rU29M', 52),
('4rPhL83ZSDMmqntGZzER9q', 'Touching Toes - Live At Eventim Apollo', 147624, '5572B4RA9LsfrkXA7rU29M', 52),
('5cm5yTOJsRZhFzN9Sjg7Cf', 'Everybody’s Crazy - Live At Eventim Apollo', 162548, '5572B4RA9LsfrkXA7rU29M', 52),
('2QJAc4A7goYqLrPs2SXOPm', 'I Could Be A Florist - Live At Eventim Apollo', 89250, '5572B4RA9LsfrkXA7rU29M', 51),
('5nkvXZuBjLFStWbDOu4T7d', 'Dangerously Easy - Live At Eventim Apollo', 164125, '5572B4RA9LsfrkXA7rU29M', 51),
('60Chx5sZxkUrADNOKaRU7h', 'UFO', 154106, '5YlBA1tCY0M8DDs75RB2LY', 70),
('36vmaZyO0iAE6FZ7287fg2', 'Dive', 200759, '5YlBA1tCY0M8DDs75RB2LY', 88),
('0M7oki70AV10Ztt3HyUd8Z', 'Ladies Room', 220372, '5YlBA1tCY0M8DDs75RB2LY', 79),
('0phoKTAvwe0pL1yBdKIucn', 'No Man', 179119, '5YlBA1tCY0M8DDs75RB2LY', 61),
('1o0ChtApxdxNqI6vaOK8JK', 'Dangerously Easy', 163826, '5YlBA1tCY0M8DDs75RB2LY', 73),
('6ML4nbhSoh4cTtWRNcmNMK', 'Getting There - Interlude', 106797, '5YlBA1tCY0M8DDs75RB2LY', 58),
('4CevWKebcrg0qzZCI6vu9c', 'Danger', 175737, '5YlBA1tCY0M8DDs75RB2LY', 63),
('3cPoiK69oQ1SdbB2j2ulGm', 'The Hardest Part', 176048, '5YlBA1tCY0M8DDs75RB2LY', 87),
('2LzOTLGAqF9IPkwHFiCysq', 'I Could Be A Florist', 81222, '5YlBA1tCY0M8DDs75RB2LY', 63),
('2iq1qD2ifqpYS5J2I35u7h', 'Messy', 223231, '5YlBA1tCY0M8DDs75RB2LY', 71),
('2QYeZ1LOmNbjqsPAQzrt9t', 'Last Chance', 174221, '7I0m4dx3zk9W5lHbEhXNCY', 33),
('7iSWoRUjzRodMEOE3CIr5e', 'What You Need', 231237, '7I0m4dx3zk9W5lHbEhXNCY', 27),
('45nT3f1XHQoRa6063ld2pq', 'Letdown', 210933, '7I0m4dx3zk9W5lHbEhXNCY', 19),
('1IPgEHE1SAwSMxfkdI5nRG', 'Show Me (What You Got)', 177916, '7I0m4dx3zk9W5lHbEhXNCY', 20),
('17wOV3PIGpzarTv695gvE2', 'Promise', 278695, '7I0m4dx3zk9W5lHbEhXNCY', 17),
('0s0RmqMxEcJTEhQrnQTf4Y', 'Homesick', 229267, '7I0m4dx3zk9W5lHbEhXNCY', 18),
('33fHnmX6UwWTcx3QIduJAV', 'Wander', 285245, '7I0m4dx3zk9W5lHbEhXNCY', 16),
('1ku88wNTb0I2KhfBN6PTmI', 'Diamond', 233317, '7I0m4dx3zk9W5lHbEhXNCY', 17),
('5TVYi3OXwRlmj7s4m6OD60', '(In the Rough)', 211776, '7I0m4dx3zk9W5lHbEhXNCY', 13),
('1twL5ThDci8BZiSvHLW7fm', 'Better', 189789, '7I0m4dx3zk9W5lHbEhXNCY', 18),
('7KpU7qmKP0jK7y6ywrwfhJ', 'Faster Than You Know', 213088, '3BSbeH6hi9LvkX97cWtgW9', 24),
('5IWcGbw2C79z3gp6PjXgTd', 'Quest (This Can''t Be All)', 270866, '3BSbeH6hi9LvkX97cWtgW9', 24),
('3ETkHnOoS67crn1sMlVNVZ', 'Crusader (Are We There Yet)', 206063, '3BSbeH6hi9LvkX97cWtgW9', 37),
('7M0cGXz3dtZJj1zUiDby1C', 'Tell Me', 187634, '3BSbeH6hi9LvkX97cWtgW9', 18),
('4OUAH6Aa0R1pF02VacdptJ', 'Moonlight', 283171, '3BSbeH6hi9LvkX97cWtgW9', 19),
('6JOcDfZL9MsF9MseRz1gBj', 'Set in Stone', 214163, '3BSbeH6hi9LvkX97cWtgW9', 17),
('3I5GpriXnDyjx6XD7jPYrN', 'Academy', 305788, '3BSbeH6hi9LvkX97cWtgW9', 17),
('12wpxFfdN9sbAO2ZGNAg4m', 'Immortal', 266330, '3BSbeH6hi9LvkX97cWtgW9', 16),
('1YAfiUAUtftsdykOs0CjeN', 'Taking Off', 203127, '3BSbeH6hi9LvkX97cWtgW9', 17),
('12UyfzVQj74EEOwbord8sO', 'Sight Unseen', 246630, '3BSbeH6hi9LvkX97cWtgW9', 17),
('3nbVjTQ34xrphWljq8JpPp', 'Cavern', 355000, '5kvE1wvZJslKP2qKNia4gW', 2),
('6YAY4EnYlkuijOIKXoBvLu', 'Alarm (feat. Black Gryph0n)', 260000, '5kvE1wvZJslKP2qKNia4gW', 5),
('08JT8Y7eP9gmhat9Ffw55i', 'Disguise', 285000, '5kvE1wvZJslKP2qKNia4gW', 1),
('7mxFBcEWI0OUFmxYmFNdxY', 'Evacuate (feat. Aeva)', 305000, '5kvE1wvZJslKP2qKNia4gW', 8),
('3pxzkg7l1TSAFPMkUDtxvY', 'Newk', 330000, '5kvE1wvZJslKP2qKNia4gW', 4),
('5eXi8sgYKMa17H0EjjrkJl', 'Face 2 Face', 310000, '5kvE1wvZJslKP2qKNia4gW', 4),
('7aDTPE06rCo85Oi5QMKVa9', 'Flood', 265000, '5kvE1wvZJslKP2qKNia4gW', 1),
('2vv18u1Fol5Q3B6spd27iJ', 'Run (feat. Black Gryph0n)', 240000, '5kvE1wvZJslKP2qKNia4gW', 9),
('6Nn6LT91REYqSJwpq2QeWZ', 'Bonus Track: Evacuate (Acoustic)', 190000, '5kvE1wvZJslKP2qKNia4gW', 2),
('1EDatRsuXzJtEeKXXwHQbH', 'East River Drive (Live)', 243800, '7bIEorGINUXmiYYtd7h1Tx', 13),
('2kUobuIGvZC1wscznevIlK', 'Take Five (Live)', 888953, '7bIEorGINUXmiYYtd7h1Tx', 12),
('75KB3fRKYXIW85yQHpno5o', 'Soulful Strut (Live)', 258734, '7bIEorGINUXmiYYtd7h1Tx', 10),
('5NTI59nR3bhrzohaCudjtA', 'Knucklehead (Live)', 347306, '7bIEorGINUXmiYYtd7h1Tx', 10),
('17W6lenZrmJuhQvCTIpZ7f', 'Moonstreams (Live)', 544049, '7bIEorGINUXmiYYtd7h1Tx', 9),
('7Lmd6VQGu2CpBCLmhZt6yY', 'Bordertown (Live)', 301958, '7bIEorGINUXmiYYtd7h1Tx', 10),
('2X6huMnBRkYfv4v24G7Zoe', 'Nature Boy (Live)', 434448, '7bIEorGINUXmiYYtd7h1Tx', 9),
('0HUoHvjVzZmDLKk19yVh7h', 'You Can''t Stop The Rain (Live)', 442998, '7bIEorGINUXmiYYtd7h1Tx', 8),
('72l961PIGmalW1SCCSd8uj', 'Headman''s Haunt (Live)', 622966, '7bIEorGINUXmiYYtd7h1Tx', 8),
('047J69nSeE1UMJbyVLKXCE', 'Medley (Live)', 996367, '7bIEorGINUXmiYYtd7h1Tx', 8),
('6sOAMkqa7WaG3pfzIYHPmQ', 'Intro / Winelight - Live', 499604, '3uMpcHUYzXhEnmKOloF6LU', 5),
('3P2pKbfisrFQRRK48KJ7cp', 'Let It Flow - Live', 544139, '3uMpcHUYzXhEnmKOloF6LU', 4),
('0D1rreX84Dox9UReh0PnzN', 'Sausalito / Drum Solo/Percussion Solo / Sausalito (Reprise) - Live', 541651, '3uMpcHUYzXhEnmKOloF6LU', 3),
('1IecK54RF4bJAP0pt05T6x', 'Just the Two of Us - Live', 554393, '3uMpcHUYzXhEnmKOloF6LU', 14),
('1ng1syKYNSe1gqu8QL7lEf', 'Make Me a Memory - Live', 561038, '3uMpcHUYzXhEnmKOloF6LU', 4),
('3EF4K6JP3igdOoLCFHa4iI', 'Mercy Mercy Me - Live', 526864, '4YPN7ttGhaUIgEXtQPVux2', 3),
('7wkKV4UQW44G5Bvxcreubs', 'Jam 1 - Live', 714051, '4YPN7ttGhaUIgEXtQPVux2', 2),
('5cp9dOP6VklDcvfD4tNhbj', 'Lover Man - Live', 422221, '4YPN7ttGhaUIgEXtQPVux2', 2),
('7D1wFFCU79ngzm2FarRD7o', 'Invitation / Bass Solo - Live', 626698, '4YPN7ttGhaUIgEXtQPVux2', 1),
('0y4yi95RLljTR2Bf6UqbXL', 'Mr. P.C. - Live', 396627, '4YPN7ttGhaUIgEXtQPVux2', 1),
('2QIPxZBFX8xaqSmgIZIEjx', 'Ain''t No Sunshine - Live', 771655, '4YPN7ttGhaUIgEXtQPVux2', 2),
('0tmxCKdE17DUYVY2xDvcuc', 'Jam 2 - Live', 91198, '4YPN7ttGhaUIgEXtQPVux2', 1),
('4KctWepIyM6ZaoTAAXlNOT', 'Band Introductions and Outro Set - Live', 136421, '4YPN7ttGhaUIgEXtQPVux2', 1),
('4b7ZL4o8Of3H1DzoBcNOtN', 'Intro - Live 1988', 155040, '6HG3ZH0opwhCZcby8Y2o8v', 20),
('4r8FqRCGUdg4cvn6IsqIK0', 'In The Stone - Live 1988', 170782, '6HG3ZH0opwhCZcby8Y2o8v', 20),
('7fogXr6QkwdHJhbH1He13i', 'Let Your Feelings Show - Live 1988', 268471, '6HG3ZH0opwhCZcby8Y2o8v', 18),
('13IiVwF2esTIroFFrD1cPC', 'Serpentine Fire - Live 1988', 263436, '6HG3ZH0opwhCZcby8Y2o8v', 17),
('43ae3Y2FYsSIkgfFErqPpa', 'September - Live 1988', 201990, '6HG3ZH0opwhCZcby8Y2o8v', 18),
('77JjHGpcB8sHL7ik2sR6Cp', 'After The Love Is Gone - Live 1988', 225544, '6HG3ZH0opwhCZcby8Y2o8v', 18),
('1qCEVCS63HZXUukHcxM09X', 'Fantasy - Live 1988', 302760, '6HG3ZH0opwhCZcby8Y2o8v', 17),
('637Y3DPDISaIuoRhWtPEcI', 'You And I - Live 1988', 315058, '6HG3ZH0opwhCZcby8Y2o8v', 15),
('4WTQH5epUfqsbKCziwrEQ4', 'Let''s Groove - Live 1988', 250704, '6HG3ZH0opwhCZcby8Y2o8v', 15),
('3Q9eWTbrS9hW1cnkxgrqeZ', 'Singasong - Live 1988', 78185, '6HG3ZH0opwhCZcby8Y2o8v', 14),
('4j6ofZurmGFQcAD1QUQJce', 'Energy - Live 1974', 305060, '0nVOSSbYkUBKBYh2D4WSDn', 10),
('2gxLzPc168EhqMh4uinzG9', 'People - Live 1974', 338695, '0nVOSSbYkUBKBYh2D4WSDn', 10),
('2Vf24XYhgaglLPqIsF64co', 'Time Is On Your Side - Live 1974', 628860, '0nVOSSbYkUBKBYh2D4WSDn', 9),
('0w6K2mYSlBOQxD3nIu3ik4', 'Bass Solo - Live 1974', 259488, '0nVOSSbYkUBKBYh2D4WSDn', 9),
('3rKZvROx01R0eaXc0Adyue', 'Talk - Live 1974', 33804, '0nVOSSbYkUBKBYh2D4WSDn', 8),
('7HpJmth7FOOJMQUiostbcM', 'Evil - Live 1974', 435077, '0nVOSSbYkUBKBYh2D4WSDn', 8),
('7FztM68x4QxBWTyilm0b5V', 'C''mon Children - Live 1974', 410624, '0nVOSSbYkUBKBYh2D4WSDn', 8),
('5syNNgUlbPZ8h19yVZEsDm', 'SEPTEMBER (Live at Budokan, Tokyo, 1994)', 185285, '7253n8oKnyOumxC2trgmM8', 20),
('5ihuKwja2UCs1XenhsrrEt', 'LET YOUR FEELINGS SHOW (Live at Budokan, Tokyo, 1994)', 90974, '7253n8oKnyOumxC2trgmM8', 17),
('4fwTWFQ5OQ8mF9qI7nHs0M', 'LET''S GROOVE (Live at Budokan, Tokyo, 1994)', 233967, '7253n8oKnyOumxC2trgmM8', 20),
('1egPuoHPfi7H6DHmK6ZhXV', 'RUNNIN'' (Live at Budokan, Tokyo, 1994)', 114347, '7253n8oKnyOumxC2trgmM8', 17),
('2W1BnOhOcAfHecE0XRYptJ', 'BOOGIE WONDERLAND (Live at Budokan, Tokyo, 1994)', 193927, '7253n8oKnyOumxC2trgmM8', 19),
('6zRDRxRtIUAKSPuqFovEmR', 'CAN T HIDE LOVE (Live at Budokan, Tokyo, 1994)', 169919, '7253n8oKnyOumxC2trgmM8', 17),
('0n0azzXYHysGtYh6GI1GZ2', 'FANTASY (Live at Budokan, Tokyo, 1994)', 249799, '7253n8oKnyOumxC2trgmM8', 19),
('1kXY302eUGL3TLv2OMYfL8', 'Calimba Interlude / EVIL (Live at Budokan, Tokyo, 1994)', 317800, '7253n8oKnyOumxC2trgmM8', 16),
('2yET5qtxoar1oiBCnsToPK', 'SHINING STAR (Live at Budokan, Tokyo, 1994)', 210693, '7253n8oKnyOumxC2trgmM8', 15),
('6vQio43P4YWn3Lie82EIdu', 'KEEP YOUR HEAD TO THE SKY (Live at Budokan, Tokyo, 1994)', 220670, '7253n8oKnyOumxC2trgmM8', 15),
('6bjjcZcsPFjfboROSS450N', 'Let It Snow! Let It Snow! Let It Snow! - New Mono To Stereo Mix', 127622, '10tYvuAzvxHz7K0Hujjjpr', 30),
('1vjexWKmmmV6qOc8qR1KEn', 'Mistletoe and Holly - New Mono To Stereo Mix', 136647, '10tYvuAzvxHz7K0Hujjjpr', 29),
('5l29k7lomkP6vEm0T4VXK6', 'Santa Claus Is Comin'' To Town - New Mono To Stereo Mix', 154643, '10tYvuAzvxHz7K0Hujjjpr', 28),
('0lBr8ZiXlMIHwQwEI3MtcG', 'White Christmas - New Mono To Stereo Mix', 154736, '10tYvuAzvxHz7K0Hujjjpr', 28),
('4vk1OwJkZrAnm1PvZRo07o', 'Have Yourself A Merry Little Christmas [Acapella] - New Mono To Stereo Mix', 126920, '10tYvuAzvxHz7K0Hujjjpr', 27),
('7lAWqYorcpR1eMgdkSNpbW', 'Christmas Dreaming - New Mono To Stereo Mix', 163391, '10tYvuAzvxHz7K0Hujjjpr', 27),
('0iXaCVOLqzxbqEtlEl6eGA', 'The Christmas Song - New Mono To Stereo Mix', 207608, '10tYvuAzvxHz7K0Hujjjpr', 27),
('728O8bpmtOctuYPqy7X4Rc', 'The Christmas Waltz - New Mono To Stereo Mix', 179535, '10tYvuAzvxHz7K0Hujjjpr', 26),
('37OtKFFQFJfvb3RQXIyQOW', 'Jeepers Creepers (Swing Easy)', 143733, '76CoN7GG8Oq1uuawUFifuX', 23),
('3LF9Ts0Eel6QeItdYXRTPd', 'Taking a Chance on Love (Swing Easy)', 132973, '76CoN7GG8Oq1uuawUFifuX', 23),
('2E1FbD1uNLZAJRCRtc29GM', 'Wrap Your Troubles in Dreams (Swing Easy)', 135200, '76CoN7GG8Oq1uuawUFifuX', 23),
('4yWdUocDtK0ruIxPMBOosR', 'Lean Baby (Swing Easy)', 153746, '76CoN7GG8Oq1uuawUFifuX', 22),
('5l2kcFF67u00oUYkUUW4RL', 'I Love You (Swing Easy)', 147440, '76CoN7GG8Oq1uuawUFifuX', 22),
('4fgxdwH8IglHdb3jISNQ9G', 'I''m Gonna Sit Right Down and Write Myself a Letter (Swing Easy)', 147346, '76CoN7GG8Oq1uuawUFifuX', 22),
('3KW9gbnzZm1gDhWuPfFu91', 'Get Happy (Swing Easy)', 146093, '76CoN7GG8Oq1uuawUFifuX', 22),
('4f4xWJknn6Yt2Sj9VPGHXe', 'All of Me (Swing Easy)', 127520, '76CoN7GG8Oq1uuawUFifuX', 22),
('6u8mwhXKx3UnBSyCqZv9Qe', 'How Could You Do a Thing Like That to Me (Swing Easy)', 164613, '76CoN7GG8Oq1uuawUFifuX', 21),
('2lwo4HbLM3S7bkbd1YsBa4', 'Why Should I Cry over You (Swing Easy)', 162133, '76CoN7GG8Oq1uuawUFifuX', 21),
('15AD0dVRa56knhKRVJrhtY', 'Watertown - 2022 Mix', 216760, '1r6CYUhkI07HNT5ONg6AqL', 30),
('0oGkLDCHNcKnNffFkkfh13', 'Goodbye (She Quietly Says) - 2022 Mix', 192320, '1r6CYUhkI07HNT5ONg6AqL', 33),
('4olvK2EbSospLhJMfUUtPp', 'For A While - 2022 Mix', 196000, '1r6CYUhkI07HNT5ONg6AqL', 28),
('3p3sewOyj6WLdHWGNeMnsB', 'Michael & Peter - 2022 Mix', 313960, '1r6CYUhkI07HNT5ONg6AqL', 27),
('5wyONsMb0O5fiRFYsPZhg9', 'I Would Be In Love (Anyway) - 2022 Mix', 151760, '1r6CYUhkI07HNT5ONg6AqL', 28),
('2pwTTwxCeea4eh2M9rSj0H', 'Elizabeth - 2022 Mix', 219546, '1r6CYUhkI07HNT5ONg6AqL', 25),
('5VvStpAwDAhvjoE97CSQ8F', 'What A Funny Girl (You Used To Be) - 2022 Mix', 184453, '1r6CYUhkI07HNT5ONg6AqL', 27),
('52iHm7O7wxQvOra9qaP9RH', 'What''s Now Is Now - 2022 Mix', 246240, '1r6CYUhkI07HNT5ONg6AqL', 25),
('6Q963OGEIcdFePtSu9HYMT', 'She Says - 2022 Mix', 113520, '1r6CYUhkI07HNT5ONg6AqL', 24),
('3qqIi0WQsNQEhH1DBYeI3f', 'The Train - 2022 Mix', 212306, '1r6CYUhkI07HNT5ONg6AqL', 25);

INSERT INTO markets (market_code, market_name) VALUES
('US', 'United States'),
('GB', 'United Kingdom'),
('DE', 'Germany');

INSERT INTO song_markets (song_id, market_code) VALUES
('5qdw9BTJbwzWSZa1sbNF3I', 'DE'),
('5qdw9BTJbwzWSZa1sbNF3I', 'US'),
('5qdw9BTJbwzWSZa1sbNF3I', 'GB'),
('0MVArgwbzjW5cq0k1n653U', 'DE'),
('0MVArgwbzjW5cq0k1n653U', 'US'),
('0MVArgwbzjW5cq0k1n653U', 'GB'),
('5LekwQKwkOMDI5ReBINCsE', 'DE'),
('5LekwQKwkOMDI5ReBINCsE', 'US'),
('5LekwQKwkOMDI5ReBINCsE', 'GB'),
('7o8eBkv8qgQLzK5xsLf9Rz', 'DE'),
('7o8eBkv8qgQLzK5xsLf9Rz', 'US'),
('7o8eBkv8qgQLzK5xsLf9Rz', 'GB'),
('13wVkzJONjDRVomOFDc9FO', 'DE'),
('13wVkzJONjDRVomOFDc9FO', 'US'),
('13wVkzJONjDRVomOFDc9FO', 'GB'),
('4vtxiwfJhXdHL7tedDquRF', 'DE'),
('4vtxiwfJhXdHL7tedDquRF', 'US'),
('4vtxiwfJhXdHL7tedDquRF', 'GB'),
('2rSFiiB3Xw54a0WpcKKHWc', 'DE'),
('2rSFiiB3Xw54a0WpcKKHWc', 'US'),
('2rSFiiB3Xw54a0WpcKKHWc', 'GB'),
('14joz9oqnhYORgpKOmE0Aj', 'DE'),
('14joz9oqnhYORgpKOmE0Aj', 'US'),
('14joz9oqnhYORgpKOmE0Aj', 'GB'),
('2Wx6ZasctkEcbGaXROmI5H', 'DE'),
('2Wx6ZasctkEcbGaXROmI5H', 'US'),
('2Wx6ZasctkEcbGaXROmI5H', 'GB'),
('2NxzAkv2dMpVKBIQV5pk1R', 'DE'),
('2NxzAkv2dMpVKBIQV5pk1R', 'US'),
('2NxzAkv2dMpVKBIQV5pk1R', 'GB'),
('188JTF6dEXKksYBt9t05TJ', 'DE'),
('188JTF6dEXKksYBt9t05TJ', 'US'),
('188JTF6dEXKksYBt9t05TJ', 'GB'),
('1AaS0TTkUM9kJemKoPcAbE', 'DE'),
('1AaS0TTkUM9kJemKoPcAbE', 'US'),
('1AaS0TTkUM9kJemKoPcAbE', 'GB'),
('6m7cJtdIvS7AiL7QvyOHwS', 'DE'),
('6m7cJtdIvS7AiL7QvyOHwS', 'US'),
('6m7cJtdIvS7AiL7QvyOHwS', 'GB'),
('6QS2LVMAXz7FmjYxWGJU8M', 'DE'),
('6QS2LVMAXz7FmjYxWGJU8M', 'US'),
('6QS2LVMAXz7FmjYxWGJU8M', 'GB'),
('1KbpVvPiLAt1Wsh5gr2YKM', 'DE'),
('1KbpVvPiLAt1Wsh5gr2YKM', 'US'),
('1KbpVvPiLAt1Wsh5gr2YKM', 'GB'),
('7aiYQH8aNzAgpSGQteq78e', 'DE'),
('7aiYQH8aNzAgpSGQteq78e', 'US'),
('7aiYQH8aNzAgpSGQteq78e', 'GB'),
('6MClJYRD7op0WvDuBGWsMn', 'DE'),
('6MClJYRD7op0WvDuBGWsMn', 'US'),
('6MClJYRD7op0WvDuBGWsMn', 'GB'),
('0sPWsklhyrr5ZdrSWWEff6', 'DE'),
('0sPWsklhyrr5ZdrSWWEff6', 'US'),
('0sPWsklhyrr5ZdrSWWEff6', 'GB'),
('4tT21rDYTLwTzZMPh10FxZ', 'DE'),
('4tT21rDYTLwTzZMPh10FxZ', 'US'),
('4tT21rDYTLwTzZMPh10FxZ', 'GB'),
('411X2Iae8gKOxgIHPhuLSl', 'DE'),
('411X2Iae8gKOxgIHPhuLSl', 'US'),
('411X2Iae8gKOxgIHPhuLSl', 'GB'),
('07TyJyRmdDrWSSXzFTme9D', 'DE'),
('07TyJyRmdDrWSSXzFTme9D', 'US'),
('07TyJyRmdDrWSSXzFTme9D', 'GB'),
('1sv1SN854EsB5WcI27cQxe', 'DE'),
('1sv1SN854EsB5WcI27cQxe', 'US'),
('1sv1SN854EsB5WcI27cQxe', 'GB'),
('40uSorT6zwd0J0ZyRnDsux', 'DE'),
('40uSorT6zwd0J0ZyRnDsux', 'US'),
('40uSorT6zwd0J0ZyRnDsux', 'GB'),
('4p35fkAfyJ2QuaqOw5xldu', 'DE'),
('4p35fkAfyJ2QuaqOw5xldu', 'US'),
('4p35fkAfyJ2QuaqOw5xldu', 'GB'),
('3bhUNuy1D2m2CsvSNK4e5u', 'DE'),
('3bhUNuy1D2m2CsvSNK4e5u', 'US'),
('3bhUNuy1D2m2CsvSNK4e5u', 'GB'),
('0pkeYwvJZ2jIvzV7xwOxvG', 'DE'),
('0pkeYwvJZ2jIvzV7xwOxvG', 'US'),
('0pkeYwvJZ2jIvzV7xwOxvG', 'GB'),
('5lTSeN1WSAv6YVBgrIUBav', 'DE'),
('5lTSeN1WSAv6YVBgrIUBav', 'US'),
('5lTSeN1WSAv6YVBgrIUBav', 'GB'),
('7nHXJNSBnkHFjddclFrXiI', 'DE'),
('7nHXJNSBnkHFjddclFrXiI', 'US'),
('7nHXJNSBnkHFjddclFrXiI', 'GB'),
('42SKTvz8CvqTEzmADF4nI5', 'DE'),
('42SKTvz8CvqTEzmADF4nI5', 'US'),
('42SKTvz8CvqTEzmADF4nI5', 'GB'),
('3xQgvGwf3KnaYry1bPsQIb', 'DE'),
('3xQgvGwf3KnaYry1bPsQIb', 'US'),
('3xQgvGwf3KnaYry1bPsQIb', 'GB'),
('0FxhxzAZGcUc9YTAdlaTQo', 'DE'),
('0FxhxzAZGcUc9YTAdlaTQo', 'US'),
('0FxhxzAZGcUc9YTAdlaTQo', 'GB'),
('7FsRZOB1QPo6ZGJlGvCWz6', 'DE'),
('7FsRZOB1QPo6ZGJlGvCWz6', 'US'),
('7FsRZOB1QPo6ZGJlGvCWz6', 'GB'),
('5AESgkEOkftzxGqIgqR0bt', 'DE'),
('5AESgkEOkftzxGqIgqR0bt', 'US'),
('5AESgkEOkftzxGqIgqR0bt', 'GB'),
('3iGXWMpEPjRONz3v1Gba0Q', 'DE'),
('3iGXWMpEPjRONz3v1Gba0Q', 'US'),
('3iGXWMpEPjRONz3v1Gba0Q', 'GB'),
('1DZNsoWduUjm2o04R47rDk', 'DE'),
('1DZNsoWduUjm2o04R47rDk', 'US'),
('1DZNsoWduUjm2o04R47rDk', 'GB'),
('720cFmiRJj0brle3kQ7nHH', 'DE'),
('720cFmiRJj0brle3kQ7nHH', 'US'),
('720cFmiRJj0brle3kQ7nHH', 'GB'),
('0hgNRFRxjlvPt3EEJrcQHE', 'DE'),
('0hgNRFRxjlvPt3EEJrcQHE', 'US'),
('0hgNRFRxjlvPt3EEJrcQHE', 'GB'),
('0nEGX81PCOQyGsXmllrOjI', 'DE'),
('0nEGX81PCOQyGsXmllrOjI', 'US'),
('0nEGX81PCOQyGsXmllrOjI', 'GB'),
('5Mx79iNnXkMynfRIiIbiGQ', 'DE'),
('5Mx79iNnXkMynfRIiIbiGQ', 'US'),
('5Mx79iNnXkMynfRIiIbiGQ', 'GB'),
('5E02BgqYNN9VzafXrYP6Np', 'DE'),
('5E02BgqYNN9VzafXrYP6Np', 'US'),
('5E02BgqYNN9VzafXrYP6Np', 'GB'),
('4fhJAPcYTQMK2brDmnI6kk', 'DE'),
('4fhJAPcYTQMK2brDmnI6kk', 'US'),
('4fhJAPcYTQMK2brDmnI6kk', 'GB'),
('1v7ptGUBS2DbbRmfIG0hU2', 'DE'),
('1v7ptGUBS2DbbRmfIG0hU2', 'US'),
('1v7ptGUBS2DbbRmfIG0hU2', 'GB'),
('4Pu3JCVM0YptKrGNjRfz6a', 'DE'),
('4Pu3JCVM0YptKrGNjRfz6a', 'US'),
('4Pu3JCVM0YptKrGNjRfz6a', 'GB'),
('7mDTvYD2ieE4Q28XFziMfJ', 'DE'),
('7mDTvYD2ieE4Q28XFziMfJ', 'US'),
('7mDTvYD2ieE4Q28XFziMfJ', 'GB'),
('3g7ngtg7xK3N9nKwAjDfH3', 'DE'),
('3g7ngtg7xK3N9nKwAjDfH3', 'US'),
('3g7ngtg7xK3N9nKwAjDfH3', 'GB'),
('6lddee20NqgRXF6g4xrm2Q', 'DE'),
('6lddee20NqgRXF6g4xrm2Q', 'US'),
('6lddee20NqgRXF6g4xrm2Q', 'GB'),
('2xGjfbXZnI8uQDhukoQURQ', 'DE'),
('2xGjfbXZnI8uQDhukoQURQ', 'US'),
('2xGjfbXZnI8uQDhukoQURQ', 'GB'),
('4cV9zzKtPtW4i0FhnEwazU', 'DE'),
('4cV9zzKtPtW4i0FhnEwazU', 'US'),
('4cV9zzKtPtW4i0FhnEwazU', 'GB'),
('0yuAWlxq59xT3agQ965OxE', 'DE'),
('0yuAWlxq59xT3agQ965OxE', 'US'),
('0yuAWlxq59xT3agQ965OxE', 'GB'),
('1oAwsWBovWRIp7qLMGPIet', 'DE'),
('1oAwsWBovWRIp7qLMGPIet', 'US'),
('1oAwsWBovWRIp7qLMGPIet', 'GB'),
('6eknHC7HjAKchl23x2A7dW', 'DE'),
('6eknHC7HjAKchl23x2A7dW', 'US'),
('6eknHC7HjAKchl23x2A7dW', 'GB'),
('2KhrPRV0V1FS2l4eQMJUWt', 'DE'),
('2KhrPRV0V1FS2l4eQMJUWt', 'US'),
('2KhrPRV0V1FS2l4eQMJUWt', 'GB'),
('2Ddfm2NQwTRsf7YVlt258S', 'DE'),
('2Ddfm2NQwTRsf7YVlt258S', 'US'),
('2Ddfm2NQwTRsf7YVlt258S', 'GB'),
('6i2XzqnaxvpNVTUw8EjPMU', 'DE'),
('6i2XzqnaxvpNVTUw8EjPMU', 'US'),
('6i2XzqnaxvpNVTUw8EjPMU', 'GB'),
('4xbN7giFhdGbSQTPyG178F', 'DE'),
('4xbN7giFhdGbSQTPyG178F', 'US'),
('4xbN7giFhdGbSQTPyG178F', 'GB'),
('2XIX01WCkNRqL1gQ5OBgJt', 'DE'),
('2XIX01WCkNRqL1gQ5OBgJt', 'US'),
('2XIX01WCkNRqL1gQ5OBgJt', 'GB'),
('3KbOflJ5JqHWtmco4PiO3h', 'DE'),
('3KbOflJ5JqHWtmco4PiO3h', 'US'),
('3KbOflJ5JqHWtmco4PiO3h', 'GB'),
('0HEzuLLojblUOaUSdmJ9gl', 'DE'),
('0HEzuLLojblUOaUSdmJ9gl', 'US'),
('0HEzuLLojblUOaUSdmJ9gl', 'GB'),
('6x8g6DxglrzCSwKhv2Q1ee', 'DE'),
('6x8g6DxglrzCSwKhv2Q1ee', 'US'),
('6x8g6DxglrzCSwKhv2Q1ee', 'GB'),
('5nW4z3pfZgJAJ2QTCz9AIE', 'DE'),
('5nW4z3pfZgJAJ2QTCz9AIE', 'US'),
('5nW4z3pfZgJAJ2QTCz9AIE', 'GB'),
('4fFqFgMDP9lY8tqEoArFGq', 'DE'),
('4fFqFgMDP9lY8tqEoArFGq', 'US'),
('4fFqFgMDP9lY8tqEoArFGq', 'GB'),
('3MlEryrxCKZkcfX18ZLX96', 'DE'),
('3MlEryrxCKZkcfX18ZLX96', 'US'),
('3MlEryrxCKZkcfX18ZLX96', 'GB'),
('2JFVBojvTHpSZLoyowuZys', 'DE'),
('2JFVBojvTHpSZLoyowuZys', 'US'),
('2JFVBojvTHpSZLoyowuZys', 'GB'),
('4VL310GGX3b2ixL3sV0Je8', 'DE'),
('4VL310GGX3b2ixL3sV0Je8', 'US'),
('4VL310GGX3b2ixL3sV0Je8', 'GB'),
('1BUckPDAi8NYfLN7EiQcQA', 'DE'),
('1BUckPDAi8NYfLN7EiQcQA', 'US'),
('1BUckPDAi8NYfLN7EiQcQA', 'GB'),
('0Oqxt6JixieLHbwMfnJGWO', 'DE'),
('0Oqxt6JixieLHbwMfnJGWO', 'US'),
('0Oqxt6JixieLHbwMfnJGWO', 'GB'),
('4brdb8L2Cy3e9AN8IfV9l8', 'DE'),
('4brdb8L2Cy3e9AN8IfV9l8', 'US'),
('4brdb8L2Cy3e9AN8IfV9l8', 'GB'),
('4U9ACZETPOqGuJkWtjkjLF', 'DE'),
('4U9ACZETPOqGuJkWtjkjLF', 'US'),
('4U9ACZETPOqGuJkWtjkjLF', 'GB'),
('3EZTyh1wJEmreJH1aULPCj', 'DE'),
('3EZTyh1wJEmreJH1aULPCj', 'US'),
('3EZTyh1wJEmreJH1aULPCj', 'GB'),
('5rmIMPXAlfidbd9f2AfwlQ', 'DE'),
('5rmIMPXAlfidbd9f2AfwlQ', 'US'),
('5rmIMPXAlfidbd9f2AfwlQ', 'GB'),
('2LQGoKFKkZ9yk3UeYFj2xo', 'DE'),
('2LQGoKFKkZ9yk3UeYFj2xo', 'US'),
('2LQGoKFKkZ9yk3UeYFj2xo', 'GB'),
('1RPsOAaHaRu8JlVdeaciuL', 'DE'),
('1RPsOAaHaRu8JlVdeaciuL', 'US'),
('1RPsOAaHaRu8JlVdeaciuL', 'GB'),
('5uPpzqixdzAMXprr4P5aT5', 'DE'),
('5uPpzqixdzAMXprr4P5aT5', 'US'),
('5uPpzqixdzAMXprr4P5aT5', 'GB'),
('5yrAkKml7mtzmPPbjB2qTC', 'DE'),
('5yrAkKml7mtzmPPbjB2qTC', 'US'),
('5yrAkKml7mtzmPPbjB2qTC', 'GB'),
('7iqQz931tn59mK6IZ3knRx', 'DE'),
('7iqQz931tn59mK6IZ3knRx', 'US'),
('7iqQz931tn59mK6IZ3knRx', 'GB'),
('4y9vLiQ9mQb6XNEtc4K6ou', 'DE'),
('4y9vLiQ9mQb6XNEtc4K6ou', 'US'),
('4y9vLiQ9mQb6XNEtc4K6ou', 'GB'),
('4Hl9rOqYomojCmxYfr25im', 'DE'),
('4Hl9rOqYomojCmxYfr25im', 'US'),
('4Hl9rOqYomojCmxYfr25im', 'GB'),
('7bPWdJgx8vek7S5i5yAtvG', 'DE'),
('7bPWdJgx8vek7S5i5yAtvG', 'US'),
('7bPWdJgx8vek7S5i5yAtvG', 'GB'),
('0hyImI8JaWONOrzKH7kJsC', 'DE'),
('0hyImI8JaWONOrzKH7kJsC', 'US'),
('0hyImI8JaWONOrzKH7kJsC', 'GB'),
('1gxdWpeOUBpvB908fiZs4D', 'DE'),
('1gxdWpeOUBpvB908fiZs4D', 'US'),
('1gxdWpeOUBpvB908fiZs4D', 'GB'),
('5RJot1fR8C90lLXzHtUqpo', 'DE'),
('5RJot1fR8C90lLXzHtUqpo', 'US'),
('5RJot1fR8C90lLXzHtUqpo', 'GB'),
('1dBBmAddRRIw6GwF7dPz6z', 'DE'),
('1dBBmAddRRIw6GwF7dPz6z', 'US'),
('1dBBmAddRRIw6GwF7dPz6z', 'GB'),
('0Z3JiHn6mhcObPmKhV9WRW', 'DE'),
('0Z3JiHn6mhcObPmKhV9WRW', 'US'),
('0Z3JiHn6mhcObPmKhV9WRW', 'GB'),
('3WIifw9lqdgSZpt9renBAg', 'DE'),
('3WIifw9lqdgSZpt9renBAg', 'US'),
('3WIifw9lqdgSZpt9renBAg', 'GB'),
('1hn1kCOG5dm1XgZYKpfaLR', 'DE'),
('1hn1kCOG5dm1XgZYKpfaLR', 'US'),
('1hn1kCOG5dm1XgZYKpfaLR', 'GB'),
('6TZitk9QD7531Jl1TT7TeH', 'DE'),
('6TZitk9QD7531Jl1TT7TeH', 'US'),
('6TZitk9QD7531Jl1TT7TeH', 'GB'),
('3MebYJnEDK4XdnCj3VMLjL', 'DE'),
('3MebYJnEDK4XdnCj3VMLjL', 'US'),
('3MebYJnEDK4XdnCj3VMLjL', 'GB'),
('6VflG4mpZSlpKnqNRL3NO9', 'DE'),
('6VflG4mpZSlpKnqNRL3NO9', 'US'),
('6VflG4mpZSlpKnqNRL3NO9', 'GB'),
('4JbyNMvp3BqVILVy4Bbevf', 'DE'),
('4JbyNMvp3BqVILVy4Bbevf', 'US'),
('4JbyNMvp3BqVILVy4Bbevf', 'GB'),
('2jSbuzSLLvFYO7xAMEU85i', 'DE'),
('2jSbuzSLLvFYO7xAMEU85i', 'US'),
('2jSbuzSLLvFYO7xAMEU85i', 'GB'),
('4HnBNOfnPYCgRzB1dcAi3x', 'DE'),
('4HnBNOfnPYCgRzB1dcAi3x', 'US'),
('4HnBNOfnPYCgRzB1dcAi3x', 'GB'),
('5nrbuDZe5Hod1nUsND6QUA', 'DE'),
('5nrbuDZe5Hod1nUsND6QUA', 'US'),
('5nrbuDZe5Hod1nUsND6QUA', 'GB'),
('5FH7DTLl8WQNkZs00Cb3EM', 'DE'),
('5FH7DTLl8WQNkZs00Cb3EM', 'US'),
('5FH7DTLl8WQNkZs00Cb3EM', 'GB'),
('1WUBWl3jNNYo0hrPTrA5D0', 'DE'),
('1WUBWl3jNNYo0hrPTrA5D0', 'US'),
('1WUBWl3jNNYo0hrPTrA5D0', 'GB'),
('68nwsIBVoGDO38VKhtvKzD', 'DE'),
('68nwsIBVoGDO38VKhtvKzD', 'US'),
('68nwsIBVoGDO38VKhtvKzD', 'GB'),
('4uIXvy8PbYLEhs0PZgaP8p', 'DE'),
('4uIXvy8PbYLEhs0PZgaP8p', 'US'),
('4uIXvy8PbYLEhs0PZgaP8p', 'GB'),
('58YF9ZJIfMO1wcZrklmnA4', 'DE'),
('58YF9ZJIfMO1wcZrklmnA4', 'US'),
('58YF9ZJIfMO1wcZrklmnA4', 'GB'),
('3077zJdkrjvys57YcRuCgx', 'DE'),
('3077zJdkrjvys57YcRuCgx', 'US'),
('3077zJdkrjvys57YcRuCgx', 'GB'),
('0YPB5IM14HtNfZHR13cWxA', 'DE'),
('0YPB5IM14HtNfZHR13cWxA', 'US'),
('0YPB5IM14HtNfZHR13cWxA', 'GB'),
('1r3ZtE2w3l6KMEoAVpt6Fn', 'DE'),
('1r3ZtE2w3l6KMEoAVpt6Fn', 'US'),
('1r3ZtE2w3l6KMEoAVpt6Fn', 'GB'),
('4Zx4y8jc0W1en9naQ1GDW2', 'DE'),
('4Zx4y8jc0W1en9naQ1GDW2', 'US'),
('4Zx4y8jc0W1en9naQ1GDW2', 'GB'),
('3ZcwLEEnCwahu78mnquEGa', 'DE'),
('3ZcwLEEnCwahu78mnquEGa', 'US'),
('3ZcwLEEnCwahu78mnquEGa', 'GB'),
('1X6HRUmdGkJ7A8YR5s7Gfd', 'DE'),
('1X6HRUmdGkJ7A8YR5s7Gfd', 'US'),
('1X6HRUmdGkJ7A8YR5s7Gfd', 'GB'),
('67m53SyedbOS5fUGcfT3Ab', 'DE'),
('67m53SyedbOS5fUGcfT3Ab', 'US'),
('67m53SyedbOS5fUGcfT3Ab', 'GB'),
('63rZ9InG6YLtJH0ML5YWta', 'DE'),
('63rZ9InG6YLtJH0ML5YWta', 'US'),
('63rZ9InG6YLtJH0ML5YWta', 'GB'),
('6TNG6iAAHmQE9D8Wx1LYKb', 'DE'),
('6TNG6iAAHmQE9D8Wx1LYKb', 'US'),
('6TNG6iAAHmQE9D8Wx1LYKb', 'GB'),
('4J3I4jpAtNjsclcs99jzeF', 'DE'),
('4J3I4jpAtNjsclcs99jzeF', 'US'),
('4J3I4jpAtNjsclcs99jzeF', 'GB'),
('36MGfjOTOwx1udRX5dDnoJ', 'DE'),
('36MGfjOTOwx1udRX5dDnoJ', 'US'),
('36MGfjOTOwx1udRX5dDnoJ', 'GB'),
('1Wld681KIdy5ZosdDb5bfz', 'DE'),
('1Wld681KIdy5ZosdDb5bfz', 'US'),
('1Wld681KIdy5ZosdDb5bfz', 'GB'),
('0ZGWe02EtMpw40QAzOVZD1', 'DE'),
('0ZGWe02EtMpw40QAzOVZD1', 'US'),
('0ZGWe02EtMpw40QAzOVZD1', 'GB'),
('60SvhHtwefT0e2G7i7kOH3', 'DE'),
('60SvhHtwefT0e2G7i7kOH3', 'US'),
('60SvhHtwefT0e2G7i7kOH3', 'GB'),
('3FwCEB2BNFzWQ9rn4goCXZ', 'DE'),
('3FwCEB2BNFzWQ9rn4goCXZ', 'US'),
('3FwCEB2BNFzWQ9rn4goCXZ', 'GB'),
('0rnGYYBw32ALUIiuEgwv2c', 'DE'),
('0rnGYYBw32ALUIiuEgwv2c', 'US'),
('0rnGYYBw32ALUIiuEgwv2c', 'GB'),
('38UYeBLfvpnDSG9GznZdnL', 'DE'),
('38UYeBLfvpnDSG9GznZdnL', 'US'),
('38UYeBLfvpnDSG9GznZdnL', 'GB'),
('67BbnzIuXFd5knDLwB3mkN', 'DE'),
('67BbnzIuXFd5knDLwB3mkN', 'US'),
('67BbnzIuXFd5knDLwB3mkN', 'GB'),
('0gclZ31Oo7rysAQDg7HguD', 'DE'),
('0gclZ31Oo7rysAQDg7HguD', 'US'),
('0gclZ31Oo7rysAQDg7HguD', 'GB'),
('4YmS7BALpAU0h4EAF4fYuh', 'DE'),
('4YmS7BALpAU0h4EAF4fYuh', 'US'),
('4YmS7BALpAU0h4EAF4fYuh', 'GB'),
('26MqDvGIe4A4UZpF5J2Ame', 'DE'),
('26MqDvGIe4A4UZpF5J2Ame', 'US'),
('26MqDvGIe4A4UZpF5J2Ame', 'GB'),
('1mEQbSq0PCNjyL6oMgHKFQ', 'DE'),
('1mEQbSq0PCNjyL6oMgHKFQ', 'US'),
('1mEQbSq0PCNjyL6oMgHKFQ', 'GB'),
('2arETTjDUyUqXR0x5g6E8U', 'DE'),
('2arETTjDUyUqXR0x5g6E8U', 'US'),
('2arETTjDUyUqXR0x5g6E8U', 'GB'),
('0mQLFm42be28X8yKBTiHP3', 'DE'),
('0mQLFm42be28X8yKBTiHP3', 'US'),
('0mQLFm42be28X8yKBTiHP3', 'GB'),
('2IXltsrRPTEeCjy8mH9UAm', 'DE'),
('2IXltsrRPTEeCjy8mH9UAm', 'US'),
('2IXltsrRPTEeCjy8mH9UAm', 'GB'),
('7itUbJA4IGNGOrvOOGywD7', 'DE'),
('7itUbJA4IGNGOrvOOGywD7', 'US'),
('7itUbJA4IGNGOrvOOGywD7', 'GB'),
('3RxlFiTnV3K7FbEWobxW73', 'DE'),
('3RxlFiTnV3K7FbEWobxW73', 'US'),
('3RxlFiTnV3K7FbEWobxW73', 'GB'),
('5hplO2Sk1SaZgSaR05m6Nn', 'DE'),
('5hplO2Sk1SaZgSaR05m6Nn', 'US'),
('5hplO2Sk1SaZgSaR05m6Nn', 'GB'),
('2Rv2EIpEmEi5fGVtr5KVgI', 'DE'),
('2Rv2EIpEmEi5fGVtr5KVgI', 'US'),
('2Rv2EIpEmEi5fGVtr5KVgI', 'GB'),
('72PVbRKkUimweUPV0nKAPs', 'DE'),
('72PVbRKkUimweUPV0nKAPs', 'US'),
('72PVbRKkUimweUPV0nKAPs', 'GB'),
('5BZsQlgw21vDOAjoqkNgKb', 'DE'),
('5BZsQlgw21vDOAjoqkNgKb', 'US'),
('5BZsQlgw21vDOAjoqkNgKb', 'GB'),
('29iva9idM6rFCPUlu7Rhxl', 'DE'),
('29iva9idM6rFCPUlu7Rhxl', 'US'),
('29iva9idM6rFCPUlu7Rhxl', 'GB'),
('01p5urrGw5fuFCcfT7PBgc', 'DE'),
('01p5urrGw5fuFCcfT7PBgc', 'US'),
('01p5urrGw5fuFCcfT7PBgc', 'GB'),
('1j8TmNa6vaFAEAws43kP0Q', 'DE'),
('1j8TmNa6vaFAEAws43kP0Q', 'US'),
('1j8TmNa6vaFAEAws43kP0Q', 'GB'),
('5cfsQZEFf1IpQr8F9vI9le', 'DE'),
('5cfsQZEFf1IpQr8F9vI9le', 'US'),
('5cfsQZEFf1IpQr8F9vI9le', 'GB'),
('1r3uOHPoiIv89Xb6K9bDH4', 'DE'),
('1r3uOHPoiIv89Xb6K9bDH4', 'US'),
('1r3uOHPoiIv89Xb6K9bDH4', 'GB'),
('4ZZJ7S4Z1pEIvTUgN1oRzS', 'DE'),
('4ZZJ7S4Z1pEIvTUgN1oRzS', 'US'),
('4ZZJ7S4Z1pEIvTUgN1oRzS', 'GB'),
('5PAKAADzrSpMDxcaRpSDCm', 'DE'),
('5PAKAADzrSpMDxcaRpSDCm', 'US'),
('5PAKAADzrSpMDxcaRpSDCm', 'GB'),
('0LutvoC2HqCfnaRSjrhtzo', 'DE'),
('0LutvoC2HqCfnaRSjrhtzo', 'US'),
('0LutvoC2HqCfnaRSjrhtzo', 'GB'),
('6i4G85fdtDwK6UpQba337E', 'DE'),
('6i4G85fdtDwK6UpQba337E', 'US'),
('6i4G85fdtDwK6UpQba337E', 'GB'),
('2t96tGXVqmNT9KbbIXyEP1', 'DE'),
('2t96tGXVqmNT9KbbIXyEP1', 'US'),
('2t96tGXVqmNT9KbbIXyEP1', 'GB'),
('5RE1BlC2bVRL02T0wcLq2X', 'DE'),
('5RE1BlC2bVRL02T0wcLq2X', 'US'),
('5RE1BlC2bVRL02T0wcLq2X', 'GB'),
('3Ic8V1CEjOY53OVpo2k1Ap', 'DE'),
('3Ic8V1CEjOY53OVpo2k1Ap', 'US'),
('3Ic8V1CEjOY53OVpo2k1Ap', 'GB'),
('2HFHwTr1IBWheGoQtNNKtx', 'DE'),
('2HFHwTr1IBWheGoQtNNKtx', 'US'),
('2HFHwTr1IBWheGoQtNNKtx', 'GB'),
('7K5ASMnqnCR42bJBJ3GAVz', 'DE'),
('7K5ASMnqnCR42bJBJ3GAVz', 'US'),
('7K5ASMnqnCR42bJBJ3GAVz', 'GB'),
('5D0ylGlouZRFfaCLgmm1wA', 'DE'),
('5D0ylGlouZRFfaCLgmm1wA', 'US'),
('5D0ylGlouZRFfaCLgmm1wA', 'GB'),
('7enNMlrM074O02PPj5ena0', 'DE'),
('7enNMlrM074O02PPj5ena0', 'US'),
('7enNMlrM074O02PPj5ena0', 'GB'),
('6vnSlld7gcZOOZo9O3Bw16', 'DE'),
('6vnSlld7gcZOOZo9O3Bw16', 'US'),
('6vnSlld7gcZOOZo9O3Bw16', 'GB'),
('5kHn6VJfMEThQYcG9AayaR', 'DE'),
('5kHn6VJfMEThQYcG9AayaR', 'US'),
('5kHn6VJfMEThQYcG9AayaR', 'GB'),
('3C5yxZTCcDOi4pnFEnKJdC', 'DE'),
('3C5yxZTCcDOi4pnFEnKJdC', 'US'),
('3C5yxZTCcDOi4pnFEnKJdC', 'GB'),
('03JZr55j9bIj1d2RQJ7Yq9', 'DE'),
('03JZr55j9bIj1d2RQJ7Yq9', 'US'),
('03JZr55j9bIj1d2RQJ7Yq9', 'GB'),
('2qGvxAKXbajPFRb9ybIMOD', 'DE'),
('2qGvxAKXbajPFRb9ybIMOD', 'US'),
('2qGvxAKXbajPFRb9ybIMOD', 'GB'),
('0Nta861K14dJO3yIWdvqzJ', 'DE'),
('0Nta861K14dJO3yIWdvqzJ', 'US'),
('0Nta861K14dJO3yIWdvqzJ', 'GB'),
('5T0mnzMsyHtmWB7Kou51Ph', 'DE'),
('5T0mnzMsyHtmWB7Kou51Ph', 'US'),
('5T0mnzMsyHtmWB7Kou51Ph', 'GB'),
('6IBTI6u7tVNtWojUHnO4Ap', 'DE'),
('6IBTI6u7tVNtWojUHnO4Ap', 'US'),
('6IBTI6u7tVNtWojUHnO4Ap', 'GB'),
('6cm4pRaaxCbI004zWr0Gvj', 'DE'),
('6cm4pRaaxCbI004zWr0Gvj', 'US'),
('6cm4pRaaxCbI004zWr0Gvj', 'GB'),
('3jYMt6j13zQGXfFLaO3BKv', 'DE'),
('3jYMt6j13zQGXfFLaO3BKv', 'US'),
('3jYMt6j13zQGXfFLaO3BKv', 'GB'),
('26hz3o1RH47yyE2iZnj9J7', 'DE'),
('26hz3o1RH47yyE2iZnj9J7', 'US'),
('26hz3o1RH47yyE2iZnj9J7', 'GB'),
('6bmg5bRyVsYEDwpvrdAk3A', 'DE'),
('6bmg5bRyVsYEDwpvrdAk3A', 'US'),
('6bmg5bRyVsYEDwpvrdAk3A', 'GB'),
('4a7DIqwIwx0klBiEMOf3Jn', 'DE'),
('4a7DIqwIwx0klBiEMOf3Jn', 'US'),
('4a7DIqwIwx0klBiEMOf3Jn', 'GB'),
('7ts2TD8NlvD5EunhWPLXKV', 'DE'),
('7ts2TD8NlvD5EunhWPLXKV', 'US'),
('7ts2TD8NlvD5EunhWPLXKV', 'GB'),
('7jwU5Pfd995ZGv2bFJbewU', 'DE'),
('7jwU5Pfd995ZGv2bFJbewU', 'US'),
('7jwU5Pfd995ZGv2bFJbewU', 'GB'),
('4MJghVlIBrEivciBJ6WnQW', 'DE'),
('4MJghVlIBrEivciBJ6WnQW', 'US'),
('4MJghVlIBrEivciBJ6WnQW', 'GB'),
('6kU93IwZUTQU9blyP7YqSe', 'DE'),
('6kU93IwZUTQU9blyP7YqSe', 'US'),
('6kU93IwZUTQU9blyP7YqSe', 'GB'),
('0HLDKJWIse3v2rNUbywsIf', 'DE'),
('0HLDKJWIse3v2rNUbywsIf', 'US'),
('0HLDKJWIse3v2rNUbywsIf', 'GB'),
('5niG10SG2DUv7VIfJgVgsg', 'DE'),
('5niG10SG2DUv7VIfJgVgsg', 'US'),
('5niG10SG2DUv7VIfJgVgsg', 'GB'),
('7sqiwexbERxHZB4yEeIZKV', 'DE'),
('7sqiwexbERxHZB4yEeIZKV', 'US'),
('7sqiwexbERxHZB4yEeIZKV', 'GB'),
('7CJlb9oHKcYo48gu7DIY6V', 'DE'),
('7CJlb9oHKcYo48gu7DIY6V', 'US'),
('7CJlb9oHKcYo48gu7DIY6V', 'GB'),
('164JJ5FySrUge79fVpDKK5', 'DE'),
('164JJ5FySrUge79fVpDKK5', 'US'),
('164JJ5FySrUge79fVpDKK5', 'GB'),
('7DlZH8EiVDgQXNoj3dnyZC', 'DE'),
('7DlZH8EiVDgQXNoj3dnyZC', 'US'),
('7DlZH8EiVDgQXNoj3dnyZC', 'GB'),
('6vb4kCEIM7zrwuHlxFbfeB', 'DE'),
('6vb4kCEIM7zrwuHlxFbfeB', 'US'),
('6vb4kCEIM7zrwuHlxFbfeB', 'GB'),
('5MqauQV2PhcEFfhKtBOTua', 'DE'),
('5MqauQV2PhcEFfhKtBOTua', 'US'),
('5MqauQV2PhcEFfhKtBOTua', 'GB'),
('6DOphQTeNmy1gk3um8sPYC', 'DE'),
('6DOphQTeNmy1gk3um8sPYC', 'US'),
('6DOphQTeNmy1gk3um8sPYC', 'GB'),
('18EGw1StZNDftpUcX8PM74', 'DE'),
('18EGw1StZNDftpUcX8PM74', 'US'),
('18EGw1StZNDftpUcX8PM74', 'GB'),
('3zLwDjumhvIFFwAAZaDNPL', 'DE'),
('3zLwDjumhvIFFwAAZaDNPL', 'US'),
('3zLwDjumhvIFFwAAZaDNPL', 'GB'),
('15sNe8FD178zMsVz6ug0AS', 'DE'),
('15sNe8FD178zMsVz6ug0AS', 'US'),
('15sNe8FD178zMsVz6ug0AS', 'GB'),
('032UZ3KVrzII6AE9Abnj7z', 'DE'),
('032UZ3KVrzII6AE9Abnj7z', 'US'),
('032UZ3KVrzII6AE9Abnj7z', 'GB'),
('4rjQxlKAIXbEqHzjrnYZ7x', 'DE'),
('4rjQxlKAIXbEqHzjrnYZ7x', 'US'),
('4rjQxlKAIXbEqHzjrnYZ7x', 'GB'),
('7dJYggqjKo71KI9sLzqCs8', 'DE'),
('7dJYggqjKo71KI9sLzqCs8', 'US'),
('7dJYggqjKo71KI9sLzqCs8', 'GB'),
('1CsMKhwEmNnmvHUuO5nryA', 'DE'),
('1CsMKhwEmNnmvHUuO5nryA', 'US'),
('1CsMKhwEmNnmvHUuO5nryA', 'GB'),
('629DixmZGHc7ILtEntuiWE', 'DE'),
('629DixmZGHc7ILtEntuiWE', 'US'),
('629DixmZGHc7ILtEntuiWE', 'GB'),
('7BRD7x5pt8Lqa1eGYC4dzj', 'DE'),
('7BRD7x5pt8Lqa1eGYC4dzj', 'US'),
('7BRD7x5pt8Lqa1eGYC4dzj', 'GB'),
('6dOtVTDdiauQNBQEDOtlAB', 'DE'),
('6dOtVTDdiauQNBQEDOtlAB', 'US'),
('6dOtVTDdiauQNBQEDOtlAB', 'GB'),
('3QaPy1KgI7nu9FJEQUgn6h', 'DE'),
('3QaPy1KgI7nu9FJEQUgn6h', 'US'),
('3QaPy1KgI7nu9FJEQUgn6h', 'GB'),
('6TGd66r0nlPaYm3KIoI7ET', 'DE'),
('6TGd66r0nlPaYm3KIoI7ET', 'US'),
('6TGd66r0nlPaYm3KIoI7ET', 'GB'),
('6fPan2saHdFaIHuTSatORv', 'DE'),
('6fPan2saHdFaIHuTSatORv', 'US'),
('6fPan2saHdFaIHuTSatORv', 'GB'),
('1LLUoftvmTjVNBHZoQyveF', 'DE'),
('1LLUoftvmTjVNBHZoQyveF', 'US'),
('1LLUoftvmTjVNBHZoQyveF', 'GB'),
('7DpUoxGSdlDHfqCYj0otzU', 'DE'),
('7DpUoxGSdlDHfqCYj0otzU', 'US'),
('7DpUoxGSdlDHfqCYj0otzU', 'GB'),
('2prqm9sPLj10B4Wg0wE5x9', 'DE'),
('2prqm9sPLj10B4Wg0wE5x9', 'US'),
('2prqm9sPLj10B4Wg0wE5x9', 'GB'),
('4HOryCnbme0zBnF8LWij3f', 'DE'),
('4HOryCnbme0zBnF8LWij3f', 'US'),
('4HOryCnbme0zBnF8LWij3f', 'GB'),
('7bcy34fBT2ap1L4bfPsl9q', 'DE'),
('7bcy34fBT2ap1L4bfPsl9q', 'US'),
('7bcy34fBT2ap1L4bfPsl9q', 'GB'),
('2KnuaZYoGzDoHiBTNYOTXG', 'DE'),
('2KnuaZYoGzDoHiBTNYOTXG', 'US'),
('2KnuaZYoGzDoHiBTNYOTXG', 'GB'),
('3YUMWmx8EJq0DurfuIwoGh', 'DE'),
('3YUMWmx8EJq0DurfuIwoGh', 'US'),
('3YUMWmx8EJq0DurfuIwoGh', 'GB'),
('4t2OeILB07eMGTXSUbMPEu', 'DE'),
('4t2OeILB07eMGTXSUbMPEu', 'US'),
('4t2OeILB07eMGTXSUbMPEu', 'GB'),
('0FfqyjhB6Kspvit1oOo7ax', 'DE'),
('0FfqyjhB6Kspvit1oOo7ax', 'US'),
('0FfqyjhB6Kspvit1oOo7ax', 'GB'),
('4191RXFPa7Ge9XkA4cWlna', 'DE'),
('4191RXFPa7Ge9XkA4cWlna', 'US'),
('4191RXFPa7Ge9XkA4cWlna', 'GB'),
('5XsAal7ZcWg1I5T4NcRjkv', 'DE'),
('5XsAal7ZcWg1I5T4NcRjkv', 'US'),
('5XsAal7ZcWg1I5T4NcRjkv', 'GB'),
('4T2zre0jqstNJ5Gt0WG9lz', 'DE'),
('4T2zre0jqstNJ5Gt0WG9lz', 'US'),
('4T2zre0jqstNJ5Gt0WG9lz', 'GB'),
('5uSG6fUPRaehaV820zcpsK', 'DE'),
('5uSG6fUPRaehaV820zcpsK', 'US'),
('5uSG6fUPRaehaV820zcpsK', 'GB'),
('0rQtoQXQfwpDW0c7Fw1NeM', 'DE'),
('0rQtoQXQfwpDW0c7Fw1NeM', 'US'),
('0rQtoQXQfwpDW0c7Fw1NeM', 'GB'),
('2Fxmhks0bxGSBdJ92vM42m', 'DE'),
('2Fxmhks0bxGSBdJ92vM42m', 'US'),
('2Fxmhks0bxGSBdJ92vM42m', 'GB'),
('4QIo4oxwzzafcBWkKjDpXY', 'DE'),
('4QIo4oxwzzafcBWkKjDpXY', 'US'),
('4QIo4oxwzzafcBWkKjDpXY', 'GB'),
('3XF5xLJHOQQRbWya6hBp7d', 'DE'),
('3XF5xLJHOQQRbWya6hBp7d', 'US'),
('3XF5xLJHOQQRbWya6hBp7d', 'GB'),
('6IRdLKIyS4p7XNiP8r6rsx', 'DE'),
('6IRdLKIyS4p7XNiP8r6rsx', 'US'),
('6IRdLKIyS4p7XNiP8r6rsx', 'GB'),
('3Fj47GNK2kUF0uaEDgXLaD', 'DE'),
('3Fj47GNK2kUF0uaEDgXLaD', 'US'),
('3Fj47GNK2kUF0uaEDgXLaD', 'GB'),
('43zdsphuZLzwA9k4DJhU0I', 'DE'),
('43zdsphuZLzwA9k4DJhU0I', 'US'),
('43zdsphuZLzwA9k4DJhU0I', 'GB'),
('6X29iaaazwho3ab7GNue5r', 'DE'),
('6X29iaaazwho3ab7GNue5r', 'US'),
('6X29iaaazwho3ab7GNue5r', 'GB'),
('3Tc57t9l2O8FwQZtQOvPXK', 'DE'),
('3Tc57t9l2O8FwQZtQOvPXK', 'US'),
('3Tc57t9l2O8FwQZtQOvPXK', 'GB'),
('4SSnFejRGlZikf02HLewEF', 'DE'),
('4SSnFejRGlZikf02HLewEF', 'US'),
('4SSnFejRGlZikf02HLewEF', 'GB'),
('6t90Z9XkdsHD8xMxro6KRP', 'DE'),
('6t90Z9XkdsHD8xMxro6KRP', 'US'),
('6t90Z9XkdsHD8xMxro6KRP', 'GB'),
('6K4Co1NQyOnoFEJMkZHkln', 'DE'),
('6K4Co1NQyOnoFEJMkZHkln', 'US'),
('6K4Co1NQyOnoFEJMkZHkln', 'GB'),
('0UHB9METy4VCXNgkcGqHqS', 'DE'),
('0UHB9METy4VCXNgkcGqHqS', 'US'),
('0UHB9METy4VCXNgkcGqHqS', 'GB'),
('72TFWvU3wUYdUuxejTTIzt', 'DE'),
('72TFWvU3wUYdUuxejTTIzt', 'US'),
('72TFWvU3wUYdUuxejTTIzt', 'GB'),
('4mCf3vQf7z0Yseo0RxAi3V', 'DE'),
('4mCf3vQf7z0Yseo0RxAi3V', 'US'),
('4mCf3vQf7z0Yseo0RxAi3V', 'GB'),
('3HQcsqRjRdruUjkbDSgmVF', 'DE'),
('3HQcsqRjRdruUjkbDSgmVF', 'US'),
('3HQcsqRjRdruUjkbDSgmVF', 'GB'),
('4pAl7FkDMNBsjykPXo91B3', 'DE'),
('4pAl7FkDMNBsjykPXo91B3', 'US'),
('4pAl7FkDMNBsjykPXo91B3', 'GB'),
('7eDYNlBwRMeFOZHOZ95dZ1', 'DE'),
('7eDYNlBwRMeFOZHOZ95dZ1', 'US'),
('7eDYNlBwRMeFOZHOZ95dZ1', 'GB'),
('6RtzmszGXs32TRhv5zTKNM', 'DE'),
('6RtzmszGXs32TRhv5zTKNM', 'US'),
('6RtzmszGXs32TRhv5zTKNM', 'GB'),
('7Jd5LgnSRQElW6FsTWVPzE', 'DE'),
('7Jd5LgnSRQElW6FsTWVPzE', 'US'),
('7Jd5LgnSRQElW6FsTWVPzE', 'GB'),
('4pp7VqgssnQtlLJg7LIrkO', 'DE'),
('4pp7VqgssnQtlLJg7LIrkO', 'US'),
('4pp7VqgssnQtlLJg7LIrkO', 'GB'),
('0430PIZJLy3Oo691nMeUH0', 'DE'),
('0430PIZJLy3Oo691nMeUH0', 'US'),
('0430PIZJLy3Oo691nMeUH0', 'GB'),
('49tG0W4vxwEQtpr0FfkzTQ', 'DE'),
('49tG0W4vxwEQtpr0FfkzTQ', 'US'),
('49tG0W4vxwEQtpr0FfkzTQ', 'GB'),
('5gZsEYaYvyi1sAVyuiXbDm', 'DE'),
('5gZsEYaYvyi1sAVyuiXbDm', 'US'),
('5gZsEYaYvyi1sAVyuiXbDm', 'GB'),
('6ELYUjIai7bjtyUocOLCRE', 'DE'),
('6ELYUjIai7bjtyUocOLCRE', 'US'),
('6ELYUjIai7bjtyUocOLCRE', 'GB'),
('3ueQAPksJqgen3LYyAVVgw', 'DE'),
('3ueQAPksJqgen3LYyAVVgw', 'US'),
('3ueQAPksJqgen3LYyAVVgw', 'GB'),
('4NlnpZPi5Z3r1uuyRglUhO', 'DE'),
('4NlnpZPi5Z3r1uuyRglUhO', 'US'),
('4NlnpZPi5Z3r1uuyRglUhO', 'GB'),
('1q35smJsSPtVl4aoc72wYN', 'DE'),
('1q35smJsSPtVl4aoc72wYN', 'US'),
('1q35smJsSPtVl4aoc72wYN', 'GB'),
('39hkTmV9qe7lB2PTA0KVbk', 'DE'),
('39hkTmV9qe7lB2PTA0KVbk', 'US'),
('39hkTmV9qe7lB2PTA0KVbk', 'GB'),
('7DJmn7YiwwpU2QTwycq6Lt', 'DE'),
('7DJmn7YiwwpU2QTwycq6Lt', 'US'),
('7DJmn7YiwwpU2QTwycq6Lt', 'GB'),
('2qJeiWIZhb3FqREoDPPFPu', 'DE'),
('2qJeiWIZhb3FqREoDPPFPu', 'GB'),
('6O20JhBJPePEkBdrB5sqRx', 'DE'),
('6O20JhBJPePEkBdrB5sqRx', 'GB'),
('3Naj4ZtvX9VpVqJH5EKmJE', 'DE'),
('3Naj4ZtvX9VpVqJH5EKmJE', 'GB'),
('5r67bGhYXZNqk2m2Wupfmu', 'DE'),
('5r67bGhYXZNqk2m2Wupfmu', 'GB'),
('5Mk1tgVrSuoWWwPVFNS0jB', 'DE'),
('5Mk1tgVrSuoWWwPVFNS0jB', 'GB'),
('4IBihEaN04iwfX5I9sGFj9', 'DE'),
('4IBihEaN04iwfX5I9sGFj9', 'GB'),
('42Ow7PS3YtCWplolUUigDo', 'DE'),
('42Ow7PS3YtCWplolUUigDo', 'GB'),
('2RWs4c3ZJ74WwXlVC3QCQN', 'DE'),
('2RWs4c3ZJ74WwXlVC3QCQN', 'GB'),
('0GNI8K3VATWBABQFAzBAYe', 'DE'),
('0GNI8K3VATWBABQFAzBAYe', 'GB'),
('6EAxaAk1eZx0aqqH4ff4rP', 'DE'),
('6EAxaAk1eZx0aqqH4ff4rP', 'GB'),
('7ffAlbOWcI5u6NN6XHPfSS', 'DE'),
('7ffAlbOWcI5u6NN6XHPfSS', 'US'),
('7ffAlbOWcI5u6NN6XHPfSS', 'GB'),
('4vcDr56fq4Jjxpegx3XPnv', 'DE'),
('4vcDr56fq4Jjxpegx3XPnv', 'US'),
('4vcDr56fq4Jjxpegx3XPnv', 'GB'),
('4iKIF8qI3dq6fntHeIdcAw', 'DE'),
('4iKIF8qI3dq6fntHeIdcAw', 'US'),
('4iKIF8qI3dq6fntHeIdcAw', 'GB'),
('5amdAZWVhOqFHodIyf53bI', 'DE'),
('5amdAZWVhOqFHodIyf53bI', 'US'),
('5amdAZWVhOqFHodIyf53bI', 'GB'),
('1d9AAVXN2uohnH4Fe07Xxn', 'DE'),
('1d9AAVXN2uohnH4Fe07Xxn', 'US'),
('1d9AAVXN2uohnH4Fe07Xxn', 'GB'),
('6A331YYR5zoG6XixuHX7yE', 'DE'),
('6A331YYR5zoG6XixuHX7yE', 'US'),
('6A331YYR5zoG6XixuHX7yE', 'GB'),
('0RxdWAztwE2qKbtYk7NNWr', 'DE'),
('0RxdWAztwE2qKbtYk7NNWr', 'US'),
('0RxdWAztwE2qKbtYk7NNWr', 'GB'),
('4vQcqtphmJBR5R44F5iNvl', 'DE'),
('4vQcqtphmJBR5R44F5iNvl', 'US'),
('4vQcqtphmJBR5R44F5iNvl', 'GB'),
('5pobX21I8uZdHM8YOWItU7', 'DE'),
('5pobX21I8uZdHM8YOWItU7', 'US'),
('5pobX21I8uZdHM8YOWItU7', 'GB'),
('2Xunjp5lfCjPJKuiWEVA5O', 'DE'),
('2Xunjp5lfCjPJKuiWEVA5O', 'US'),
('2Xunjp5lfCjPJKuiWEVA5O', 'GB'),
('5sdmtQqSDr1kUbnnUK1RXY', 'DE'),
('5sdmtQqSDr1kUbnnUK1RXY', 'US'),
('5sdmtQqSDr1kUbnnUK1RXY', 'GB'),
('69xu2EnbSJ8oODVH2ovjmr', 'DE'),
('69xu2EnbSJ8oODVH2ovjmr', 'US'),
('69xu2EnbSJ8oODVH2ovjmr', 'GB'),
('18YKCiNw0gjK025fTAb8Dd', 'DE'),
('18YKCiNw0gjK025fTAb8Dd', 'US'),
('18YKCiNw0gjK025fTAb8Dd', 'GB'),
('4Twrnhrg6yIFCdor6yoFvW', 'DE'),
('4Twrnhrg6yIFCdor6yoFvW', 'US'),
('4Twrnhrg6yIFCdor6yoFvW', 'GB'),
('7HlcqBxEZfCFLxtQPTC6EF', 'DE'),
('7HlcqBxEZfCFLxtQPTC6EF', 'US'),
('7HlcqBxEZfCFLxtQPTC6EF', 'GB'),
('1X3NvqJ7ki9rDJz4nIc6Fb', 'DE'),
('1X3NvqJ7ki9rDJz4nIc6Fb', 'US'),
('1X3NvqJ7ki9rDJz4nIc6Fb', 'GB'),
('4dnoQrufD23hPUuK3RTqEp', 'DE'),
('4dnoQrufD23hPUuK3RTqEp', 'US'),
('4dnoQrufD23hPUuK3RTqEp', 'GB'),
('7FyQqFixAnYRi64pcM63Nx', 'DE'),
('7FyQqFixAnYRi64pcM63Nx', 'US'),
('7FyQqFixAnYRi64pcM63Nx', 'GB'),
('3R1GEnPh6Y3rW7bCxRezjw', 'DE'),
('3R1GEnPh6Y3rW7bCxRezjw', 'US'),
('3R1GEnPh6Y3rW7bCxRezjw', 'GB'),
('4J6WjnT9kU3inMBlqZrEvS', 'DE'),
('4J6WjnT9kU3inMBlqZrEvS', 'US'),
('4J6WjnT9kU3inMBlqZrEvS', 'GB'),
('6RyJt2SvLFghIDe1eCviD9', 'DE'),
('6RyJt2SvLFghIDe1eCviD9', 'US'),
('6RyJt2SvLFghIDe1eCviD9', 'GB'),
('2YQ0DrIFS90FEK8T4JOa8W', 'DE'),
('2YQ0DrIFS90FEK8T4JOa8W', 'US'),
('2YQ0DrIFS90FEK8T4JOa8W', 'GB'),
('2Qt1GqEOR6gfBCNTZv9Q8P', 'DE'),
('2Qt1GqEOR6gfBCNTZv9Q8P', 'US'),
('2Qt1GqEOR6gfBCNTZv9Q8P', 'GB'),
('1CmyFUdrzcI2TldyJzOHSb', 'DE'),
('1CmyFUdrzcI2TldyJzOHSb', 'US'),
('1CmyFUdrzcI2TldyJzOHSb', 'GB'),
('0I27tCo8rexgdYnhkSaL7k', 'DE'),
('0I27tCo8rexgdYnhkSaL7k', 'US'),
('0I27tCo8rexgdYnhkSaL7k', 'GB'),
('2zOSxEAk90JTKYNHqE8LXc', 'DE'),
('2zOSxEAk90JTKYNHqE8LXc', 'US'),
('2zOSxEAk90JTKYNHqE8LXc', 'GB'),
('38ILZqA8DlkbKfjosEDSb1', 'DE'),
('38ILZqA8DlkbKfjosEDSb1', 'US'),
('38ILZqA8DlkbKfjosEDSb1', 'GB'),
('5zZoEDawAlJNgUzxknlV9V', 'DE'),
('5zZoEDawAlJNgUzxknlV9V', 'US'),
('5zZoEDawAlJNgUzxknlV9V', 'GB'),
('1ud0FiEQLVIDlWEqDIEvwW', 'DE'),
('1ud0FiEQLVIDlWEqDIEvwW', 'US'),
('1ud0FiEQLVIDlWEqDIEvwW', 'GB'),
('2KniNOsSdTc2XUewjfoRyF', 'DE'),
('2KniNOsSdTc2XUewjfoRyF', 'US'),
('2KniNOsSdTc2XUewjfoRyF', 'GB'),
('4snRyiaLyvTMui0hzp8MF7', 'DE'),
('4snRyiaLyvTMui0hzp8MF7', 'US'),
('4snRyiaLyvTMui0hzp8MF7', 'GB'),
('0fK7ie6XwGxQTIkpFoWkd1', 'DE'),
('0fK7ie6XwGxQTIkpFoWkd1', 'US'),
('0fK7ie6XwGxQTIkpFoWkd1', 'GB'),
('6SaSFVlIQC1L6Fh1QKLeFi', 'DE'),
('6SaSFVlIQC1L6Fh1QKLeFi', 'US'),
('6SaSFVlIQC1L6Fh1QKLeFi', 'GB'),
('3gJAFFELdZyIM8tiwLAikg', 'DE'),
('3gJAFFELdZyIM8tiwLAikg', 'US'),
('3gJAFFELdZyIM8tiwLAikg', 'GB'),
('7rzzByujLJIBXpyOCnJhfx', 'DE'),
('7rzzByujLJIBXpyOCnJhfx', 'US'),
('7rzzByujLJIBXpyOCnJhfx', 'GB'),
('4EIFwndJvGpgFjsEbNuYif', 'DE'),
('4EIFwndJvGpgFjsEbNuYif', 'US'),
('4EIFwndJvGpgFjsEbNuYif', 'GB'),
('1kUyOJb3fzUo8r0OCz5SQk', 'DE'),
('1kUyOJb3fzUo8r0OCz5SQk', 'US'),
('1kUyOJb3fzUo8r0OCz5SQk', 'GB'),
('0rx7xu0RmZLpJjKNVZjSVv', 'DE'),
('0rx7xu0RmZLpJjKNVZjSVv', 'US'),
('0rx7xu0RmZLpJjKNVZjSVv', 'GB'),
('2chbuybiy6aDDBC985tJcP', 'DE'),
('2chbuybiy6aDDBC985tJcP', 'US'),
('2chbuybiy6aDDBC985tJcP', 'GB'),
('6HjYE79OOCGEhkIRfXLqrz', 'DE'),
('6HjYE79OOCGEhkIRfXLqrz', 'US'),
('6HjYE79OOCGEhkIRfXLqrz', 'GB'),
('6aaV2MGGLYjo1aGltdm6IZ', 'DE'),
('6aaV2MGGLYjo1aGltdm6IZ', 'US'),
('6aaV2MGGLYjo1aGltdm6IZ', 'GB'),
('0r9Gf89bXrhDgkDKNnJQJO', 'DE'),
('0r9Gf89bXrhDgkDKNnJQJO', 'US'),
('0r9Gf89bXrhDgkDKNnJQJO', 'GB'),
('69hxJUfnF1iGoVHNc2QFOh', 'DE'),
('69hxJUfnF1iGoVHNc2QFOh', 'US'),
('69hxJUfnF1iGoVHNc2QFOh', 'GB'),
('1qe9MLvNk15vNiiMH3xL6b', 'DE'),
('1qe9MLvNk15vNiiMH3xL6b', 'US'),
('1qe9MLvNk15vNiiMH3xL6b', 'GB'),
('3xs8mxJv9I7pqRnBdmg4aa', 'DE'),
('3xs8mxJv9I7pqRnBdmg4aa', 'US'),
('3xs8mxJv9I7pqRnBdmg4aa', 'GB'),
('2TufsUBydHYbz2bTicZ5Te', 'DE'),
('2TufsUBydHYbz2bTicZ5Te', 'US'),
('2TufsUBydHYbz2bTicZ5Te', 'GB'),
('4bFWee5liNzWr5BpcJBw33', 'DE'),
('4bFWee5liNzWr5BpcJBw33', 'US'),
('4bFWee5liNzWr5BpcJBw33', 'GB'),
('6tzi9zFr2Fj04d4QzopG7r', 'DE'),
('6tzi9zFr2Fj04d4QzopG7r', 'US'),
('6tzi9zFr2Fj04d4QzopG7r', 'GB'),
('0KpjTOn0WrRA71n59BgEqt', 'DE'),
('0KpjTOn0WrRA71n59BgEqt', 'US'),
('0KpjTOn0WrRA71n59BgEqt', 'GB'),
('4R4tfhmLBLzBQNmsvxArKZ', 'DE'),
('4R4tfhmLBLzBQNmsvxArKZ', 'US'),
('4R4tfhmLBLzBQNmsvxArKZ', 'GB'),
('4QiWw5HNibKR1ikSU54p4q', 'DE'),
('4QiWw5HNibKR1ikSU54p4q', 'US'),
('4QiWw5HNibKR1ikSU54p4q', 'GB'),
('6RF0RRs9lK3cmdkKemN8tT', 'DE'),
('6RF0RRs9lK3cmdkKemN8tT', 'US'),
('6RF0RRs9lK3cmdkKemN8tT', 'GB'),
('7pMEbnXJTTzSTlOvS209wN', 'DE'),
('7pMEbnXJTTzSTlOvS209wN', 'US'),
('7pMEbnXJTTzSTlOvS209wN', 'GB'),
('3PCzGoqsslBYvIVwnZRdkU', 'DE'),
('3PCzGoqsslBYvIVwnZRdkU', 'US'),
('3PCzGoqsslBYvIVwnZRdkU', 'GB'),
('1PRPeEiUkXTiSoqxju728C', 'DE'),
('1PRPeEiUkXTiSoqxju728C', 'US'),
('1PRPeEiUkXTiSoqxju728C', 'GB'),
('7Encr3F5e3v88cf8rOIPcb', 'DE'),
('7Encr3F5e3v88cf8rOIPcb', 'US'),
('7Encr3F5e3v88cf8rOIPcb', 'GB'),
('37RgUzXEkrlqVrbXbMi6yJ', 'DE'),
('37RgUzXEkrlqVrbXbMi6yJ', 'US'),
('37RgUzXEkrlqVrbXbMi6yJ', 'GB'),
('735nYGNTNEq15fOG8G0hYc', 'DE'),
('735nYGNTNEq15fOG8G0hYc', 'US'),
('735nYGNTNEq15fOG8G0hYc', 'GB'),
('4K475XgrOAIwfIbp0Pks2B', 'DE'),
('4K475XgrOAIwfIbp0Pks2B', 'US'),
('4K475XgrOAIwfIbp0Pks2B', 'GB'),
('5DdRHtsjDnb7CNS4CFSCtF', 'DE'),
('5DdRHtsjDnb7CNS4CFSCtF', 'US'),
('5DdRHtsjDnb7CNS4CFSCtF', 'GB'),
('0bCoQ7swjICAoOuOmHvvcm', 'DE'),
('0bCoQ7swjICAoOuOmHvvcm', 'US'),
('0bCoQ7swjICAoOuOmHvvcm', 'GB'),
('1F33Kl8BQNLxv11vxbM0Dn', 'DE'),
('1F33Kl8BQNLxv11vxbM0Dn', 'US'),
('1F33Kl8BQNLxv11vxbM0Dn', 'GB'),
('1gNM3ac2QUDaG4u9C8QuXK', 'DE'),
('1gNM3ac2QUDaG4u9C8QuXK', 'US'),
('1gNM3ac2QUDaG4u9C8QuXK', 'GB'),
('0rWrkMbMzsv3VoHWQ3Gn4I', 'DE'),
('0rWrkMbMzsv3VoHWQ3Gn4I', 'US'),
('0rWrkMbMzsv3VoHWQ3Gn4I', 'GB'),
('7f4AbRZfpNBJ4EoqYm6ui7', 'DE'),
('7f4AbRZfpNBJ4EoqYm6ui7', 'US'),
('7f4AbRZfpNBJ4EoqYm6ui7', 'GB'),
('1Pkt5vAZueUMETEys1LBOb', 'DE'),
('1Pkt5vAZueUMETEys1LBOb', 'US'),
('1Pkt5vAZueUMETEys1LBOb', 'GB'),
('0hg9x4n0oko8rEqMKAsytr', 'DE'),
('0hg9x4n0oko8rEqMKAsytr', 'US'),
('0hg9x4n0oko8rEqMKAsytr', 'GB'),
('66Frbh2j2ZEZAnyY6aiCJN', 'DE'),
('66Frbh2j2ZEZAnyY6aiCJN', 'US'),
('66Frbh2j2ZEZAnyY6aiCJN', 'GB'),
('5TG7u61YTJxQ2zDkNspOCy', 'DE'),
('5TG7u61YTJxQ2zDkNspOCy', 'US'),
('5TG7u61YTJxQ2zDkNspOCy', 'GB'),
('1SphgxwP2ed74gtbdGx92M', 'DE'),
('1SphgxwP2ed74gtbdGx92M', 'US'),
('1SphgxwP2ed74gtbdGx92M', 'GB'),
('7miSeymjiJxibtxegZ1E92', 'DE'),
('7miSeymjiJxibtxegZ1E92', 'US'),
('7miSeymjiJxibtxegZ1E92', 'GB'),
('2Zq3Trov36G0TtrUt4ZklL', 'DE'),
('2Zq3Trov36G0TtrUt4ZklL', 'US'),
('2Zq3Trov36G0TtrUt4ZklL', 'GB'),
('4y1TFAj2g0yWYsbgvunzEn', 'DE'),
('4y1TFAj2g0yWYsbgvunzEn', 'US'),
('4y1TFAj2g0yWYsbgvunzEn', 'GB'),
('7DHtEW30WxZ888qxqorLSL', 'DE'),
('7DHtEW30WxZ888qxqorLSL', 'US'),
('7DHtEW30WxZ888qxqorLSL', 'GB'),
('6TnCfFPnHT6Zy1a0mo9zam', 'DE'),
('6TnCfFPnHT6Zy1a0mo9zam', 'US'),
('6TnCfFPnHT6Zy1a0mo9zam', 'GB'),
('0OMyy0GiobzJNQrtr7NTFB', 'DE'),
('0OMyy0GiobzJNQrtr7NTFB', 'US'),
('0OMyy0GiobzJNQrtr7NTFB', 'GB'),
('7m68lt3SYrQuk1C9mqC0L0', 'DE'),
('7m68lt3SYrQuk1C9mqC0L0', 'US'),
('7m68lt3SYrQuk1C9mqC0L0', 'GB'),
('5MyK3yVqENRiFaZ9G59GTs', 'DE'),
('5MyK3yVqENRiFaZ9G59GTs', 'US'),
('5MyK3yVqENRiFaZ9G59GTs', 'GB'),
('3ogssDPrnKziJOX2yzVK8Q', 'DE'),
('3ogssDPrnKziJOX2yzVK8Q', 'US'),
('3ogssDPrnKziJOX2yzVK8Q', 'GB'),
('3hugwYy0UYSuqPNkckEQZT', 'DE'),
('3hugwYy0UYSuqPNkckEQZT', 'US'),
('3hugwYy0UYSuqPNkckEQZT', 'GB'),
('3JG1uFc40wfyrqaWC7iv0e', 'DE'),
('3JG1uFc40wfyrqaWC7iv0e', 'US'),
('3JG1uFc40wfyrqaWC7iv0e', 'GB'),
('3iUDHA6FGAKfHX2jmgF0vO', 'DE'),
('3iUDHA6FGAKfHX2jmgF0vO', 'US'),
('3iUDHA6FGAKfHX2jmgF0vO', 'GB'),
('6Gron8VFcNPwj7ZamJe7Pt', 'DE'),
('6Gron8VFcNPwj7ZamJe7Pt', 'US'),
('6Gron8VFcNPwj7ZamJe7Pt', 'GB'),
('5CcGu19vM6KONpXTyn44zd', 'DE'),
('5CcGu19vM6KONpXTyn44zd', 'US'),
('5CcGu19vM6KONpXTyn44zd', 'GB'),
('4moj13K6Q7bDIc0O4SKhU5', 'DE'),
('4moj13K6Q7bDIc0O4SKhU5', 'US'),
('4moj13K6Q7bDIc0O4SKhU5', 'GB'),
('1lau6K2YSP5APtkzNJxVyB', 'DE'),
('1lau6K2YSP5APtkzNJxVyB', 'US'),
('1lau6K2YSP5APtkzNJxVyB', 'GB'),
('6Q57LMIIjmbOBkvXe8ADW4', 'DE'),
('6Q57LMIIjmbOBkvXe8ADW4', 'US'),
('6Q57LMIIjmbOBkvXe8ADW4', 'GB'),
('7o5ubeFufZUof8IEHXM4pw', 'DE'),
('7o5ubeFufZUof8IEHXM4pw', 'US'),
('7o5ubeFufZUof8IEHXM4pw', 'GB'),
('5iCpI93YUFv6LBUWiDXQWC', 'DE'),
('5iCpI93YUFv6LBUWiDXQWC', 'US'),
('5iCpI93YUFv6LBUWiDXQWC', 'GB'),
('6feeRSrPoQ1vGC6010AZYP', 'DE'),
('6feeRSrPoQ1vGC6010AZYP', 'US'),
('6feeRSrPoQ1vGC6010AZYP', 'GB'),
('1ACA277B6f46DYCgZW8di3', 'DE'),
('1ACA277B6f46DYCgZW8di3', 'US'),
('1ACA277B6f46DYCgZW8di3', 'GB'),
('5xKHORmwcry4AsHMEfDE98', 'DE'),
('5xKHORmwcry4AsHMEfDE98', 'US'),
('5xKHORmwcry4AsHMEfDE98', 'GB'),
('2rYXXYRrP3qOOPkUsUTsal', 'DE'),
('2rYXXYRrP3qOOPkUsUTsal', 'US'),
('2rYXXYRrP3qOOPkUsUTsal', 'GB'),
('2MOQaM9ODPp76bJeVvzojM', 'DE'),
('2MOQaM9ODPp76bJeVvzojM', 'US'),
('2MOQaM9ODPp76bJeVvzojM', 'GB'),
('14K1dZ8zZzwfam9Qbqbdqr', 'DE'),
('14K1dZ8zZzwfam9Qbqbdqr', 'US'),
('14K1dZ8zZzwfam9Qbqbdqr', 'GB'),
('1CZyqNGZjFXzKE43WC2rjU', 'DE'),
('1CZyqNGZjFXzKE43WC2rjU', 'US'),
('1CZyqNGZjFXzKE43WC2rjU', 'GB'),
('1GnTBbaFtxNkHEjUsWEdNu', 'DE'),
('1GnTBbaFtxNkHEjUsWEdNu', 'US'),
('1GnTBbaFtxNkHEjUsWEdNu', 'GB'),
('7sxz7iukZOZQI8gojX3tKH', 'DE'),
('7sxz7iukZOZQI8gojX3tKH', 'US'),
('7sxz7iukZOZQI8gojX3tKH', 'GB'),
('7jOvPQvd4RTZdTzJmlYA5m', 'DE'),
('7jOvPQvd4RTZdTzJmlYA5m', 'US'),
('7jOvPQvd4RTZdTzJmlYA5m', 'GB'),
('1oic0Wedm3XeHxwaxmwO91', 'DE'),
('1oic0Wedm3XeHxwaxmwO91', 'US'),
('1oic0Wedm3XeHxwaxmwO91', 'GB'),
('3QFrw6b4eCwwT9liApL9Ft', 'DE'),
('3QFrw6b4eCwwT9liApL9Ft', 'US'),
('3QFrw6b4eCwwT9liApL9Ft', 'GB'),
('54C5dWx5R8xW3DECnG3ZtY', 'DE'),
('54C5dWx5R8xW3DECnG3ZtY', 'US'),
('54C5dWx5R8xW3DECnG3ZtY', 'GB'),
('32lIufo736MvCB6SrMoPzq', 'DE'),
('32lIufo736MvCB6SrMoPzq', 'US'),
('32lIufo736MvCB6SrMoPzq', 'GB'),
('6WV0rTQHNo55hzV6NfLeuL', 'DE'),
('6WV0rTQHNo55hzV6NfLeuL', 'US'),
('6WV0rTQHNo55hzV6NfLeuL', 'GB'),
('6QMEcEwZYIirOzfX2N2w3n', 'DE'),
('6QMEcEwZYIirOzfX2N2w3n', 'US'),
('6QMEcEwZYIirOzfX2N2w3n', 'GB'),
('4TlQdxUqPomhFPNcnWsDHJ', 'DE'),
('4TlQdxUqPomhFPNcnWsDHJ', 'US'),
('4TlQdxUqPomhFPNcnWsDHJ', 'GB'),
('4bOGw7iCH3ahivBpaCtjGD', 'DE'),
('4bOGw7iCH3ahivBpaCtjGD', 'US'),
('4bOGw7iCH3ahivBpaCtjGD', 'GB'),
('1RdoUggLgLMbYtDQjsUo7F', 'DE'),
('1RdoUggLgLMbYtDQjsUo7F', 'US'),
('1RdoUggLgLMbYtDQjsUo7F', 'GB'),
('4whkhyXTrTgHKZzkUvdwoq', 'DE'),
('4whkhyXTrTgHKZzkUvdwoq', 'US'),
('4whkhyXTrTgHKZzkUvdwoq', 'GB'),
('5x0zW1JcdON7Zli2umGEJg', 'DE'),
('5x0zW1JcdON7Zli2umGEJg', 'US'),
('5x0zW1JcdON7Zli2umGEJg', 'GB'),
('1NXbNEAcPvY5G1xvfN57aA', 'DE'),
('1NXbNEAcPvY5G1xvfN57aA', 'US'),
('1NXbNEAcPvY5G1xvfN57aA', 'GB'),
('7bxaFZ1O3cHkgLKMsdC3xR', 'DE'),
('7bxaFZ1O3cHkgLKMsdC3xR', 'US'),
('7bxaFZ1O3cHkgLKMsdC3xR', 'GB'),
('1grOl5UNPBMDtrW96KbNdH', 'DE'),
('1grOl5UNPBMDtrW96KbNdH', 'US'),
('1grOl5UNPBMDtrW96KbNdH', 'GB'),
('12wDKbddX9bUYHd1Rl8gmu', 'DE'),
('12wDKbddX9bUYHd1Rl8gmu', 'US'),
('12wDKbddX9bUYHd1Rl8gmu', 'GB'),
('0gwCQvjDPCTFEq9790FGdC', 'DE'),
('0gwCQvjDPCTFEq9790FGdC', 'US'),
('0gwCQvjDPCTFEq9790FGdC', 'GB'),
('0On1SxfkvTOfzvjVgFLK7V', 'DE'),
('0On1SxfkvTOfzvjVgFLK7V', 'US'),
('0On1SxfkvTOfzvjVgFLK7V', 'GB'),
('7J4EeyDpz2z8LuDFTuxskK', 'DE'),
('7J4EeyDpz2z8LuDFTuxskK', 'US'),
('7J4EeyDpz2z8LuDFTuxskK', 'GB'),
('4dReLsqSqYhrC83Qgg7Lyx', 'DE'),
('4dReLsqSqYhrC83Qgg7Lyx', 'US'),
('4dReLsqSqYhrC83Qgg7Lyx', 'GB'),
('5ozqshq2dtU7SYCpCBu0NE', 'DE'),
('5ozqshq2dtU7SYCpCBu0NE', 'US'),
('5ozqshq2dtU7SYCpCBu0NE', 'GB'),
('6WCXBUFa0z3l9DoOY3k5Xe', 'DE'),
('6WCXBUFa0z3l9DoOY3k5Xe', 'US'),
('6WCXBUFa0z3l9DoOY3k5Xe', 'GB'),
('5hM5arv9KDbCHS0k9uqwjr', 'DE'),
('5hM5arv9KDbCHS0k9uqwjr', 'US'),
('5hM5arv9KDbCHS0k9uqwjr', 'GB'),
('1KcOU0q9AMXV9xi4tSzzCc', 'DE'),
('1KcOU0q9AMXV9xi4tSzzCc', 'US'),
('1KcOU0q9AMXV9xi4tSzzCc', 'GB'),
('3LbZIhU0smEU5SUnxod4j4', 'DE'),
('3LbZIhU0smEU5SUnxod4j4', 'US'),
('3LbZIhU0smEU5SUnxod4j4', 'GB'),
('666PdikRnUzdvjT9p5wWND', 'DE'),
('666PdikRnUzdvjT9p5wWND', 'US'),
('666PdikRnUzdvjT9p5wWND', 'GB'),
('0IuE6FnXPCdZ8NLuuvJRhb', 'DE'),
('0IuE6FnXPCdZ8NLuuvJRhb', 'US'),
('0IuE6FnXPCdZ8NLuuvJRhb', 'GB'),
('5JWPUEov2wlX7c0jhYZpeB', 'DE'),
('5JWPUEov2wlX7c0jhYZpeB', 'US'),
('5JWPUEov2wlX7c0jhYZpeB', 'GB'),
('6RZmhpvukfyeSURhf4kZ0d', 'DE'),
('6RZmhpvukfyeSURhf4kZ0d', 'US'),
('6RZmhpvukfyeSURhf4kZ0d', 'GB'),
('558ubozatFQlweufvHa3Ip', 'DE'),
('558ubozatFQlweufvHa3Ip', 'US'),
('558ubozatFQlweufvHa3Ip', 'GB'),
('2X485T9Z5Ly0xyaghN73ed', 'DE'),
('2X485T9Z5Ly0xyaghN73ed', 'US'),
('2X485T9Z5Ly0xyaghN73ed', 'GB'),
('1cCbsojaA6GIT7Y3zuMJ1q', 'DE'),
('1cCbsojaA6GIT7Y3zuMJ1q', 'US'),
('1cCbsojaA6GIT7Y3zuMJ1q', 'GB'),
('1UYj8qTWjneZJDVjUMwMub', 'DE'),
('1UYj8qTWjneZJDVjUMwMub', 'US'),
('1UYj8qTWjneZJDVjUMwMub', 'GB'),
('0xtIp0lgccN85GfGOekS5L', 'DE'),
('0xtIp0lgccN85GfGOekS5L', 'US'),
('0xtIp0lgccN85GfGOekS5L', 'GB'),
('5M4yti0QxgqJieUYaEXcpw', 'DE'),
('5M4yti0QxgqJieUYaEXcpw', 'US'),
('5M4yti0QxgqJieUYaEXcpw', 'GB'),
('79chzfFIIq7cHkqcYYORk0', 'DE'),
('79chzfFIIq7cHkqcYYORk0', 'US'),
('79chzfFIIq7cHkqcYYORk0', 'GB'),
('6K4t31amVTZDgR3sKmwUJJ', 'DE'),
('6K4t31amVTZDgR3sKmwUJJ', 'US'),
('6K4t31amVTZDgR3sKmwUJJ', 'GB'),
('4a9fW33mYR8LhXBOLUhbfF', 'DE'),
('4a9fW33mYR8LhXBOLUhbfF', 'US'),
('4a9fW33mYR8LhXBOLUhbfF', 'GB'),
('2gNfxysfBRfl9Lvi9T3v6R', 'DE'),
('2gNfxysfBRfl9Lvi9T3v6R', 'US'),
('2gNfxysfBRfl9Lvi9T3v6R', 'GB'),
('2O99aywAVBhaPrsiJ6zbSS', 'DE'),
('2O99aywAVBhaPrsiJ6zbSS', 'US'),
('2O99aywAVBhaPrsiJ6zbSS', 'GB'),
('4PvgxcCZxATeWt4vAZOISo', 'DE'),
('4PvgxcCZxATeWt4vAZOISo', 'US'),
('4PvgxcCZxATeWt4vAZOISo', 'GB'),
('2nBW0vuSbiSGRpTm4SMc3Y', 'DE'),
('2nBW0vuSbiSGRpTm4SMc3Y', 'US'),
('2nBW0vuSbiSGRpTm4SMc3Y', 'GB'),
('2LKAB4VBxok5XPD4JVvyNX', 'DE'),
('2LKAB4VBxok5XPD4JVvyNX', 'US'),
('2LKAB4VBxok5XPD4JVvyNX', 'GB'),
('6LUVnYAspgzDQLWKhV1N7l', 'DE'),
('6LUVnYAspgzDQLWKhV1N7l', 'US'),
('6LUVnYAspgzDQLWKhV1N7l', 'GB'),
('2w0tLhhthDCLxu2VHi2cqQ', 'DE'),
('2w0tLhhthDCLxu2VHi2cqQ', 'US'),
('2w0tLhhthDCLxu2VHi2cqQ', 'GB'),
('41GZsHDaQs5xsfxD156swD', 'DE'),
('41GZsHDaQs5xsfxD156swD', 'US'),
('41GZsHDaQs5xsfxD156swD', 'GB'),
('5Yludhd9Q6nHd4j9vUJ7I6', 'DE'),
('5Yludhd9Q6nHd4j9vUJ7I6', 'US'),
('5Yludhd9Q6nHd4j9vUJ7I6', 'GB'),
('2kcdPyiExkzqac5hbiINw8', 'DE'),
('2kcdPyiExkzqac5hbiINw8', 'US'),
('2kcdPyiExkzqac5hbiINw8', 'GB'),
('0kHPbQ9gbKAmH2ZDcyuLhf', 'DE'),
('0kHPbQ9gbKAmH2ZDcyuLhf', 'US'),
('0kHPbQ9gbKAmH2ZDcyuLhf', 'GB'),
('5izemlhrMj5VtWRrQASlqK', 'DE'),
('5izemlhrMj5VtWRrQASlqK', 'US'),
('5izemlhrMj5VtWRrQASlqK', 'GB'),
('4TMhakloPMPS84lNHNTSa3', 'DE'),
('4TMhakloPMPS84lNHNTSa3', 'US'),
('4TMhakloPMPS84lNHNTSa3', 'GB'),
('2hJ2EY0LekqGQOFoROEdCj', 'DE'),
('2hJ2EY0LekqGQOFoROEdCj', 'US'),
('2hJ2EY0LekqGQOFoROEdCj', 'GB'),
('1MsfdAHNRX2T1BWmkpj87C', 'DE'),
('1MsfdAHNRX2T1BWmkpj87C', 'US'),
('1MsfdAHNRX2T1BWmkpj87C', 'GB'),
('5scxJnxEkTHdBUAt380WvS', 'DE'),
('5scxJnxEkTHdBUAt380WvS', 'US'),
('5scxJnxEkTHdBUAt380WvS', 'GB'),
('2kqtHm0tMQt3siFstCmZ7I', 'DE'),
('2kqtHm0tMQt3siFstCmZ7I', 'US'),
('2kqtHm0tMQt3siFstCmZ7I', 'GB'),
('7sRCNXJwpNnG2QHMbc3YDL', 'DE'),
('7sRCNXJwpNnG2QHMbc3YDL', 'US'),
('7sRCNXJwpNnG2QHMbc3YDL', 'GB'),
('2eMi5NrN8a5AAeo4xy87Hw', 'DE'),
('2eMi5NrN8a5AAeo4xy87Hw', 'US'),
('2eMi5NrN8a5AAeo4xy87Hw', 'GB'),
('0WjXWg5siGyu2aNhs4ROK2', 'DE'),
('0WjXWg5siGyu2aNhs4ROK2', 'US'),
('0WjXWg5siGyu2aNhs4ROK2', 'GB'),
('5L9kgzrhy9IpgYEPD0624C', 'DE'),
('5L9kgzrhy9IpgYEPD0624C', 'US'),
('5L9kgzrhy9IpgYEPD0624C', 'GB'),
('0DSB5Os8yvk4lDUNTaO30D', 'DE'),
('0DSB5Os8yvk4lDUNTaO30D', 'US'),
('0DSB5Os8yvk4lDUNTaO30D', 'GB'),
('0YsDqHWbLScrzFAvmSGyOd', 'DE'),
('0YsDqHWbLScrzFAvmSGyOd', 'US'),
('0YsDqHWbLScrzFAvmSGyOd', 'GB'),
('2iWFFQdRV4YOlJwEMK4ukY', 'DE'),
('2iWFFQdRV4YOlJwEMK4ukY', 'US'),
('2iWFFQdRV4YOlJwEMK4ukY', 'GB'),
('3jhXPqmG7XXebz1ZjecpDF', 'DE'),
('3jhXPqmG7XXebz1ZjecpDF', 'US'),
('3jhXPqmG7XXebz1ZjecpDF', 'GB'),
('6mrYsSzOI4nDnTcIXGhXTG', 'DE'),
('6mrYsSzOI4nDnTcIXGhXTG', 'US'),
('6mrYsSzOI4nDnTcIXGhXTG', 'GB'),
('0zk5N2l5c8YracLr5Zg0qk', 'DE'),
('0zk5N2l5c8YracLr5Zg0qk', 'US'),
('0zk5N2l5c8YracLr5Zg0qk', 'GB'),
('3LNvv5DoUSINrYioh5uq0G', 'DE'),
('3LNvv5DoUSINrYioh5uq0G', 'US'),
('3LNvv5DoUSINrYioh5uq0G', 'GB'),
('3TZeISSt8QpEhcip2OUvS3', 'DE'),
('3TZeISSt8QpEhcip2OUvS3', 'US'),
('3TZeISSt8QpEhcip2OUvS3', 'GB'),
('4FmXp4wBQRtuq2z9T4MSA7', 'DE'),
('4FmXp4wBQRtuq2z9T4MSA7', 'US'),
('4FmXp4wBQRtuq2z9T4MSA7', 'GB'),
('7MjPAdHoRmRoiTKi1PXyMk', 'DE'),
('7MjPAdHoRmRoiTKi1PXyMk', 'US'),
('7MjPAdHoRmRoiTKi1PXyMk', 'GB'),
('5GgfA1Cel00rtzU2mNCuaL', 'DE'),
('5GgfA1Cel00rtzU2mNCuaL', 'US'),
('5GgfA1Cel00rtzU2mNCuaL', 'GB'),
('0Ji9UonfwC90rbZ4IaQhOb', 'DE'),
('0Ji9UonfwC90rbZ4IaQhOb', 'US'),
('0Ji9UonfwC90rbZ4IaQhOb', 'GB'),
('43ee3gqWBlPKe2MeGJ2S6I', 'DE'),
('43ee3gqWBlPKe2MeGJ2S6I', 'US'),
('43ee3gqWBlPKe2MeGJ2S6I', 'GB'),
('20BFo9REyGdCxrlPmD3xph', 'DE'),
('20BFo9REyGdCxrlPmD3xph', 'US'),
('20BFo9REyGdCxrlPmD3xph', 'GB'),
('6YJYhPKP7MRzJSHqe3QI9K', 'DE'),
('6YJYhPKP7MRzJSHqe3QI9K', 'US'),
('6YJYhPKP7MRzJSHqe3QI9K', 'GB'),
('22BA9h34P0Q2PGZudsEBco', 'DE'),
('22BA9h34P0Q2PGZudsEBco', 'US'),
('22BA9h34P0Q2PGZudsEBco', 'GB'),
('11QNo3ld81pncy71q6VIic', 'DE'),
('11QNo3ld81pncy71q6VIic', 'US'),
('11QNo3ld81pncy71q6VIic', 'GB'),
('0d2Ik5rp9Icd1oqn4178x2', 'DE'),
('0d2Ik5rp9Icd1oqn4178x2', 'US'),
('0d2Ik5rp9Icd1oqn4178x2', 'GB'),
('2BHSRlGgJwzTPfYvAax28m', 'DE'),
('2BHSRlGgJwzTPfYvAax28m', 'US'),
('2BHSRlGgJwzTPfYvAax28m', 'GB'),
('1aVDGnB6ydtXwudYLgUB6h', 'DE'),
('1aVDGnB6ydtXwudYLgUB6h', 'US'),
('1aVDGnB6ydtXwudYLgUB6h', 'GB'),
('5QzlDlRuT9D5LdpybJoNYi', 'DE'),
('5QzlDlRuT9D5LdpybJoNYi', 'US'),
('5QzlDlRuT9D5LdpybJoNYi', 'GB'),
('1LAlLBTGBUO0MDA8IbSysd', 'DE'),
('1LAlLBTGBUO0MDA8IbSysd', 'US'),
('1LAlLBTGBUO0MDA8IbSysd', 'GB'),
('1BANPzYIhCQkJ1ZFq2Fb0O', 'DE'),
('1BANPzYIhCQkJ1ZFq2Fb0O', 'US'),
('1BANPzYIhCQkJ1ZFq2Fb0O', 'GB'),
('6fNaHkjAxP6rI2sZhT7QJn', 'DE'),
('6fNaHkjAxP6rI2sZhT7QJn', 'US'),
('6fNaHkjAxP6rI2sZhT7QJn', 'GB'),
('7GVQS66ukm48XZVymA3ZUg', 'DE'),
('7GVQS66ukm48XZVymA3ZUg', 'US'),
('7GVQS66ukm48XZVymA3ZUg', 'GB'),
('4bDIAWaOBGAAk95nyXI6zJ', 'DE'),
('4bDIAWaOBGAAk95nyXI6zJ', 'US'),
('4bDIAWaOBGAAk95nyXI6zJ', 'GB'),
('3sEufjE0ITaW5qhtnW3avv', 'DE'),
('3sEufjE0ITaW5qhtnW3avv', 'US'),
('3sEufjE0ITaW5qhtnW3avv', 'GB'),
('4hfqe20vqkuRv1RDsA1LbQ', 'DE'),
('4hfqe20vqkuRv1RDsA1LbQ', 'US'),
('4hfqe20vqkuRv1RDsA1LbQ', 'GB'),
('49oxuPnuWOL793zpF6zgLQ', 'DE'),
('49oxuPnuWOL793zpF6zgLQ', 'US'),
('49oxuPnuWOL793zpF6zgLQ', 'GB'),
('3gy21TwRSP40aUMwcY7Rtq', 'DE'),
('3gy21TwRSP40aUMwcY7Rtq', 'US'),
('3gy21TwRSP40aUMwcY7Rtq', 'GB'),
('5QPGnFslbDUQ7mDteKn3By', 'DE'),
('5QPGnFslbDUQ7mDteKn3By', 'US'),
('5QPGnFslbDUQ7mDteKn3By', 'GB'),
('2YWBOEAoZVVyKPNbhVDsfO', 'DE'),
('2YWBOEAoZVVyKPNbhVDsfO', 'US'),
('2YWBOEAoZVVyKPNbhVDsfO', 'GB'),
('1sPl3C6vlbHWnO0rCXxXQe', 'DE'),
('1sPl3C6vlbHWnO0rCXxXQe', 'US'),
('1sPl3C6vlbHWnO0rCXxXQe', 'GB'),
('4IMxLpdUPWreh9cxmolYEV', 'DE'),
('4IMxLpdUPWreh9cxmolYEV', 'US'),
('4IMxLpdUPWreh9cxmolYEV', 'GB'),
('5GNMILNbAGVvZIq4yVpi1l', 'DE'),
('5GNMILNbAGVvZIq4yVpi1l', 'US'),
('5GNMILNbAGVvZIq4yVpi1l', 'GB'),
('1QuBa6BS3u70ez5QxYN941', 'DE'),
('1QuBa6BS3u70ez5QxYN941', 'US'),
('1QuBa6BS3u70ez5QxYN941', 'GB'),
('1qr2dVzIi4UsHo7XfMVk4u', 'DE'),
('1qr2dVzIi4UsHo7XfMVk4u', 'US'),
('1qr2dVzIi4UsHo7XfMVk4u', 'GB'),
('1MQnmbpB2jHPZX6iutOBDo', 'DE'),
('1MQnmbpB2jHPZX6iutOBDo', 'US'),
('1MQnmbpB2jHPZX6iutOBDo', 'GB'),
('7o53vC5HqQpTBDzGTMNMzW', 'DE'),
('7o53vC5HqQpTBDzGTMNMzW', 'GB'),
('3lwgg0pIvYtG7nS6GV726C', 'DE'),
('3lwgg0pIvYtG7nS6GV726C', 'GB'),
('3c83rYyHasVxLP2NunP2B0', 'DE'),
('3c83rYyHasVxLP2NunP2B0', 'GB'),
('0XCWo7RVAkJXMD9fiK0bFZ', 'DE'),
('0XCWo7RVAkJXMD9fiK0bFZ', 'GB'),
('1ZZkwzdqst4dJdcx5hLcoo', 'DE'),
('1ZZkwzdqst4dJdcx5hLcoo', 'GB'),
('11mbFcwOCjsxMYxcvrksBw', 'DE'),
('11mbFcwOCjsxMYxcvrksBw', 'GB'),
('1IZoGT2TXi4x08X7gPYIB5', 'DE'),
('1IZoGT2TXi4x08X7gPYIB5', 'GB'),
('7GLtY66QsuRrHFWY2GOpkR', 'DE'),
('7GLtY66QsuRrHFWY2GOpkR', 'GB'),
('7wpZQpBH1nKqORa2jUoRq0', 'DE'),
('7wpZQpBH1nKqORa2jUoRq0', 'GB'),
('2e3ND7fOdFJFu56fHRaSDf', 'DE'),
('2e3ND7fOdFJFu56fHRaSDf', 'GB'),
('5xeo9nxCxRGi8HqgVYXIx0', 'DE'),
('5xeo9nxCxRGi8HqgVYXIx0', 'GB'),
('6hyVogZGQO5Un1UCkhesVJ', 'DE'),
('6hyVogZGQO5Un1UCkhesVJ', 'GB'),
('2tov4iwsZ1kowV33MygKo6', 'DE'),
('2tov4iwsZ1kowV33MygKo6', 'GB'),
('52aYU7tWgIvKlH9E77BHtP', 'DE'),
('52aYU7tWgIvKlH9E77BHtP', 'GB'),
('7xyXbfmEF0YK4q6xr6RR8y', 'DE'),
('7xyXbfmEF0YK4q6xr6RR8y', 'GB'),
('5PMm9QFITJIPewF5hqsmCu', 'DE'),
('5PMm9QFITJIPewF5hqsmCu', 'GB'),
('3CfuODMROUQl7r01uJJml2', 'DE'),
('3CfuODMROUQl7r01uJJml2', 'GB'),
('09sbuqGCIGS6WdN6lzRNMg', 'DE'),
('09sbuqGCIGS6WdN6lzRNMg', 'US'),
('09sbuqGCIGS6WdN6lzRNMg', 'GB'),
('6UaUjHFc3YnKnk9R8wN4ww', 'DE'),
('6UaUjHFc3YnKnk9R8wN4ww', 'US'),
('6UaUjHFc3YnKnk9R8wN4ww', 'GB'),
('2vx1vgjBaVPxFTCDIsc83F', 'DE'),
('2vx1vgjBaVPxFTCDIsc83F', 'US'),
('2vx1vgjBaVPxFTCDIsc83F', 'GB'),
('4d203weATlKsTdq7wkjX8n', 'DE'),
('4d203weATlKsTdq7wkjX8n', 'US'),
('4d203weATlKsTdq7wkjX8n', 'GB'),
('7ua8zx3i8U7clNNXpNsW4N', 'DE'),
('7ua8zx3i8U7clNNXpNsW4N', 'US'),
('7ua8zx3i8U7clNNXpNsW4N', 'GB'),
('0HyofiCgthJL9VDwytFmV5', 'DE'),
('0HyofiCgthJL9VDwytFmV5', 'US'),
('0HyofiCgthJL9VDwytFmV5', 'GB'),
('17G8hAidrShkfrrDN2B8GS', 'DE'),
('17G8hAidrShkfrrDN2B8GS', 'US'),
('17G8hAidrShkfrrDN2B8GS', 'GB'),
('2Z6ynWKfXbp66zGf5GSbyD', 'DE'),
('2Z6ynWKfXbp66zGf5GSbyD', 'US'),
('2Z6ynWKfXbp66zGf5GSbyD', 'GB'),
('1xcKLHQ4KcI5rtFOsZusTv', 'DE'),
('1xcKLHQ4KcI5rtFOsZusTv', 'US'),
('1xcKLHQ4KcI5rtFOsZusTv', 'GB'),
('0RwmRvaoJKpTMnenlxYMxc', 'DE'),
('0RwmRvaoJKpTMnenlxYMxc', 'US'),
('0RwmRvaoJKpTMnenlxYMxc', 'GB'),
('1zx6GSqLYI2ynzAHnPRKBR', 'DE'),
('1zx6GSqLYI2ynzAHnPRKBR', 'US'),
('1zx6GSqLYI2ynzAHnPRKBR', 'GB'),
('1UwUhKmFxGKs59xiWO60Sx', 'DE'),
('1UwUhKmFxGKs59xiWO60Sx', 'US'),
('1UwUhKmFxGKs59xiWO60Sx', 'GB'),
('5hljqZrl0h7RcIhUnOPuve', 'DE'),
('5hljqZrl0h7RcIhUnOPuve', 'US'),
('5hljqZrl0h7RcIhUnOPuve', 'GB'),
('2HReNSxrMRcJ0cYMzKAJK6', 'DE'),
('2HReNSxrMRcJ0cYMzKAJK6', 'US'),
('2HReNSxrMRcJ0cYMzKAJK6', 'GB'),
('42GuKw49pPxNAkIhWGwgFs', 'DE'),
('42GuKw49pPxNAkIhWGwgFs', 'US'),
('42GuKw49pPxNAkIhWGwgFs', 'GB'),
('0C6dSPCqwKqwos6s1CrDrh', 'DE'),
('0C6dSPCqwKqwos6s1CrDrh', 'US'),
('0C6dSPCqwKqwos6s1CrDrh', 'GB'),
('4KPi4VNvPOfKqIp1sx19Xf', 'DE'),
('4KPi4VNvPOfKqIp1sx19Xf', 'US'),
('4KPi4VNvPOfKqIp1sx19Xf', 'GB'),
('5ygEUpyZy5qtZ1423zymBW', 'DE'),
('5ygEUpyZy5qtZ1423zymBW', 'US'),
('5ygEUpyZy5qtZ1423zymBW', 'GB'),
('5fClRRa7P9nPIpstj50veV', 'DE'),
('5fClRRa7P9nPIpstj50veV', 'US'),
('5fClRRa7P9nPIpstj50veV', 'GB'),
('0z5x3VmmQ7cyTeOP7VAf3T', 'DE'),
('0z5x3VmmQ7cyTeOP7VAf3T', 'US'),
('0z5x3VmmQ7cyTeOP7VAf3T', 'GB'),
('5dthj0uH1DJAbxC6B9n4Co', 'DE'),
('5dthj0uH1DJAbxC6B9n4Co', 'US'),
('5dthj0uH1DJAbxC6B9n4Co', 'GB'),
('1RJxGCTCROHUFVWMFOWPYM', 'DE'),
('1RJxGCTCROHUFVWMFOWPYM', 'US'),
('1RJxGCTCROHUFVWMFOWPYM', 'GB'),
('38mecB29TH0gTqIxhM4OK1', 'DE'),
('38mecB29TH0gTqIxhM4OK1', 'US'),
('38mecB29TH0gTqIxhM4OK1', 'GB'),
('5zDoSmh06F7kjXGIHFhQzh', 'DE'),
('5zDoSmh06F7kjXGIHFhQzh', 'US'),
('5zDoSmh06F7kjXGIHFhQzh', 'GB'),
('1VUcb7Ik5bYw0SzXBH9rLr', 'DE'),
('1VUcb7Ik5bYw0SzXBH9rLr', 'US'),
('1VUcb7Ik5bYw0SzXBH9rLr', 'GB'),
('4Q2vbGXSU28xWveWKp4wra', 'DE'),
('4Q2vbGXSU28xWveWKp4wra', 'US'),
('4Q2vbGXSU28xWveWKp4wra', 'GB'),
('4hZlP9bciuyeBMxPqYHR1C', 'DE'),
('4hZlP9bciuyeBMxPqYHR1C', 'US'),
('4hZlP9bciuyeBMxPqYHR1C', 'GB'),
('3d7DrmuuKPkJxvCX7G7pOZ', 'DE'),
('3d7DrmuuKPkJxvCX7G7pOZ', 'US'),
('3d7DrmuuKPkJxvCX7G7pOZ', 'GB'),
('5F3cEp3T5zbvWtBsp2FVzp', 'DE'),
('5F3cEp3T5zbvWtBsp2FVzp', 'US'),
('5F3cEp3T5zbvWtBsp2FVzp', 'GB'),
('5yJKvGzNSgxbyAGmOrIF3t', 'DE'),
('5yJKvGzNSgxbyAGmOrIF3t', 'US'),
('5yJKvGzNSgxbyAGmOrIF3t', 'GB'),
('0b93tWwuoAC0nXe1CfR30I', 'DE'),
('0b93tWwuoAC0nXe1CfR30I', 'US'),
('0b93tWwuoAC0nXe1CfR30I', 'GB'),
('1t67WYNfUxfOiwaz7SJ66b', 'DE'),
('1t67WYNfUxfOiwaz7SJ66b', 'US'),
('1t67WYNfUxfOiwaz7SJ66b', 'GB'),
('2HbYLDA1SigY1ilC94ieVu', 'DE'),
('2HbYLDA1SigY1ilC94ieVu', 'US'),
('2HbYLDA1SigY1ilC94ieVu', 'GB'),
('2URDbWGmPz3vhagl25p8OC', 'DE'),
('2URDbWGmPz3vhagl25p8OC', 'US'),
('2URDbWGmPz3vhagl25p8OC', 'GB'),
('0U6Vg6RUmzADUO0Y9fVKft', 'DE'),
('0U6Vg6RUmzADUO0Y9fVKft', 'US'),
('0U6Vg6RUmzADUO0Y9fVKft', 'GB'),
('5Z5nbOXhsSbySVC7WUc6y9', 'DE'),
('5Z5nbOXhsSbySVC7WUc6y9', 'US'),
('5Z5nbOXhsSbySVC7WUc6y9', 'GB'),
('5rqQTEIVK2PTuXU9GI2wT0', 'DE'),
('5rqQTEIVK2PTuXU9GI2wT0', 'US'),
('5rqQTEIVK2PTuXU9GI2wT0', 'GB'),
('6hkfgHhYXyDVYahUOZhGRd', 'DE'),
('6hkfgHhYXyDVYahUOZhGRd', 'US'),
('6hkfgHhYXyDVYahUOZhGRd', 'GB'),
('60T4FDF1tTcFlXkI08FFhL', 'DE'),
('60T4FDF1tTcFlXkI08FFhL', 'US'),
('60T4FDF1tTcFlXkI08FFhL', 'GB'),
('7aiKdAM9WYW3GzWSA9OXIl', 'DE'),
('7aiKdAM9WYW3GzWSA9OXIl', 'US'),
('7aiKdAM9WYW3GzWSA9OXIl', 'GB'),
('1HnY1Lu9tH5YK8DiIxho9i', 'DE'),
('1HnY1Lu9tH5YK8DiIxho9i', 'US'),
('1HnY1Lu9tH5YK8DiIxho9i', 'GB'),
('0AHb0DwnLi0X0ByfFyei0D', 'DE'),
('0AHb0DwnLi0X0ByfFyei0D', 'US'),
('0AHb0DwnLi0X0ByfFyei0D', 'GB'),
('6kU7m0qhXWMyoLw69gk3b1', 'DE'),
('6kU7m0qhXWMyoLw69gk3b1', 'US'),
('6kU7m0qhXWMyoLw69gk3b1', 'GB'),
('686yl5S60Y0WdQ1mKNXbkR', 'DE'),
('686yl5S60Y0WdQ1mKNXbkR', 'US'),
('686yl5S60Y0WdQ1mKNXbkR', 'GB'),
('3uKrgtys1C89WeG9gPZbYL', 'DE'),
('3uKrgtys1C89WeG9gPZbYL', 'US'),
('3uKrgtys1C89WeG9gPZbYL', 'GB'),
('3A0ZuIcPY5rav31jdDTKwa', 'DE'),
('3A0ZuIcPY5rav31jdDTKwa', 'US'),
('3A0ZuIcPY5rav31jdDTKwa', 'GB'),
('4UHl6co013uzpT1mlwZM78', 'DE'),
('4UHl6co013uzpT1mlwZM78', 'US'),
('4UHl6co013uzpT1mlwZM78', 'GB'),
('54Bs34vTza8CqQuwY6rcg9', 'DE'),
('54Bs34vTza8CqQuwY6rcg9', 'US'),
('54Bs34vTza8CqQuwY6rcg9', 'GB'),
('3QFK9m2LZvIQpe2bWuDfKx', 'DE'),
('3QFK9m2LZvIQpe2bWuDfKx', 'US'),
('3QFK9m2LZvIQpe2bWuDfKx', 'GB'),
('4CQmN7ytnO5uPJgfpXcNNt', 'DE'),
('4CQmN7ytnO5uPJgfpXcNNt', 'US'),
('4CQmN7ytnO5uPJgfpXcNNt', 'GB'),
('62dUmjtkYOUwYOALt6pefh', 'DE'),
('62dUmjtkYOUwYOALt6pefh', 'US'),
('62dUmjtkYOUwYOALt6pefh', 'GB'),
('797AyTQcqoQgqWQ1Qz184Y', 'DE'),
('797AyTQcqoQgqWQ1Qz184Y', 'US'),
('797AyTQcqoQgqWQ1Qz184Y', 'GB'),
('02FcgoInOjsdFT8YdAUMwu', 'DE'),
('02FcgoInOjsdFT8YdAUMwu', 'US'),
('02FcgoInOjsdFT8YdAUMwu', 'GB'),
('7hFmiFUYmIjELj5d0UjbVh', 'DE'),
('7hFmiFUYmIjELj5d0UjbVh', 'US'),
('7hFmiFUYmIjELj5d0UjbVh', 'GB'),
('0XGxvQj8dRhGn41nvXIxN0', 'DE'),
('0XGxvQj8dRhGn41nvXIxN0', 'US'),
('0XGxvQj8dRhGn41nvXIxN0', 'GB'),
('2NLpanao1S1XKsGpi1hOsT', 'DE'),
('2NLpanao1S1XKsGpi1hOsT', 'US'),
('2NLpanao1S1XKsGpi1hOsT', 'GB'),
('6rBZtu8XpzdZT83CEp4zVT', 'DE'),
('6rBZtu8XpzdZT83CEp4zVT', 'US'),
('6rBZtu8XpzdZT83CEp4zVT', 'GB'),
('7Kx2i89MjDBLaT6zwy6eM2', 'DE'),
('7Kx2i89MjDBLaT6zwy6eM2', 'US'),
('7Kx2i89MjDBLaT6zwy6eM2', 'GB'),
('7esSFXeHFfBhDBhamtT9Nh', 'DE'),
('7esSFXeHFfBhDBhamtT9Nh', 'US'),
('7esSFXeHFfBhDBhamtT9Nh', 'GB'),
('5RxiwMqRNyPYjJTobU65UT', 'DE'),
('5RxiwMqRNyPYjJTobU65UT', 'US'),
('5RxiwMqRNyPYjJTobU65UT', 'GB'),
('4qOeFiO7BASXEiQ23BLrYy', 'DE'),
('4qOeFiO7BASXEiQ23BLrYy', 'US'),
('4qOeFiO7BASXEiQ23BLrYy', 'GB'),
('2fCSulwhjYvNxKbh67d4Pd', 'DE'),
('2fCSulwhjYvNxKbh67d4Pd', 'US'),
('2fCSulwhjYvNxKbh67d4Pd', 'GB'),
('0vgSQrQMEoa6VecE9Y5Dnk', 'DE'),
('0vgSQrQMEoa6VecE9Y5Dnk', 'US'),
('0vgSQrQMEoa6VecE9Y5Dnk', 'GB'),
('7IjGG1fEIbM6EjlyfYwqni', 'DE'),
('7IjGG1fEIbM6EjlyfYwqni', 'US'),
('7IjGG1fEIbM6EjlyfYwqni', 'GB'),
('1CeC8kOYxUTCC2wHGtWROD', 'DE'),
('1CeC8kOYxUTCC2wHGtWROD', 'US'),
('1CeC8kOYxUTCC2wHGtWROD', 'GB'),
('70VjECXPkO7APS1bAj4wEN', 'DE'),
('70VjECXPkO7APS1bAj4wEN', 'US'),
('70VjECXPkO7APS1bAj4wEN', 'GB'),
('7nD7b2mbbZuDdwW03rLj3f', 'DE'),
('7nD7b2mbbZuDdwW03rLj3f', 'US'),
('7nD7b2mbbZuDdwW03rLj3f', 'GB'),
('1p7qydHaybttxuW0vXmJqC', 'DE'),
('1p7qydHaybttxuW0vXmJqC', 'US'),
('1p7qydHaybttxuW0vXmJqC', 'GB'),
('77iXtVIFppEW5MON7HLusO', 'DE'),
('77iXtVIFppEW5MON7HLusO', 'US'),
('77iXtVIFppEW5MON7HLusO', 'GB'),
('39UJG380DXNHAa07pGdVgI', 'DE'),
('39UJG380DXNHAa07pGdVgI', 'US'),
('39UJG380DXNHAa07pGdVgI', 'GB'),
('23m5rUpKrW85DNikaGm7j8', 'DE'),
('23m5rUpKrW85DNikaGm7j8', 'US'),
('23m5rUpKrW85DNikaGm7j8', 'GB'),
('3AA50LilsWIK5HstsdUa0I', 'DE'),
('3AA50LilsWIK5HstsdUa0I', 'US'),
('3AA50LilsWIK5HstsdUa0I', 'GB'),
('0UoGxTum73Mmvk9UuCqakG', 'DE'),
('0UoGxTum73Mmvk9UuCqakG', 'US'),
('0UoGxTum73Mmvk9UuCqakG', 'GB'),
('0Fd4oSOZ2nHtdHOkgyI4qz', 'DE'),
('0Fd4oSOZ2nHtdHOkgyI4qz', 'US'),
('0Fd4oSOZ2nHtdHOkgyI4qz', 'GB'),
('4EPLnVE718rJDzSYlEU85R', 'DE'),
('4EPLnVE718rJDzSYlEU85R', 'US'),
('4EPLnVE718rJDzSYlEU85R', 'GB'),
('7iMsm86etNshj6IUgMnpuO', 'DE'),
('7iMsm86etNshj6IUgMnpuO', 'US'),
('7iMsm86etNshj6IUgMnpuO', 'GB'),
('2Yh356WJoVcWleiWRFoLUa', 'DE'),
('2Yh356WJoVcWleiWRFoLUa', 'US'),
('2Yh356WJoVcWleiWRFoLUa', 'GB'),
('2fiabxMbdC8AX3iY6zbYRZ', 'DE'),
('2fiabxMbdC8AX3iY6zbYRZ', 'US'),
('2fiabxMbdC8AX3iY6zbYRZ', 'GB'),
('5z3vP51vxtwwCaAwym4z3z', 'DE'),
('5z3vP51vxtwwCaAwym4z3z', 'US'),
('5z3vP51vxtwwCaAwym4z3z', 'GB'),
('1Qb2KRdSyk4UtRsbUAW6IG', 'DE'),
('1Qb2KRdSyk4UtRsbUAW6IG', 'US'),
('1Qb2KRdSyk4UtRsbUAW6IG', 'GB'),
('1uhces29ApKuQWFdpiUsvH', 'DE'),
('1uhces29ApKuQWFdpiUsvH', 'US'),
('1uhces29ApKuQWFdpiUsvH', 'GB'),
('1EDPVGbyPKJPeGqATwXZvN', 'DE'),
('1EDPVGbyPKJPeGqATwXZvN', 'US'),
('1EDPVGbyPKJPeGqATwXZvN', 'GB'),
('5mFZipkX1HZ4Idz5LOWpzq', 'DE'),
('5mFZipkX1HZ4Idz5LOWpzq', 'US'),
('5mFZipkX1HZ4Idz5LOWpzq', 'GB'),
('2HBBM75Xv3o2Mqdyh1NcM0', 'DE'),
('2HBBM75Xv3o2Mqdyh1NcM0', 'US'),
('2HBBM75Xv3o2Mqdyh1NcM0', 'GB'),
('3k4gjmYNJugQRlh2aounZ9', 'DE'),
('3k4gjmYNJugQRlh2aounZ9', 'US'),
('3k4gjmYNJugQRlh2aounZ9', 'GB'),
('7BkzAHnNW7WfrT4NcLaUDx', 'DE'),
('7BkzAHnNW7WfrT4NcLaUDx', 'US'),
('7BkzAHnNW7WfrT4NcLaUDx', 'GB'),
('7diOv6wm3ngF7Vt6ubK0Sf', 'DE'),
('7diOv6wm3ngF7Vt6ubK0Sf', 'US'),
('7diOv6wm3ngF7Vt6ubK0Sf', 'GB'),
('6i5qhmmF9UNUBRyrPSGn4m', 'DE'),
('6i5qhmmF9UNUBRyrPSGn4m', 'US'),
('6i5qhmmF9UNUBRyrPSGn4m', 'GB'),
('0J1IJsMbKWb5g2sJArTkGF', 'DE'),
('0J1IJsMbKWb5g2sJArTkGF', 'US'),
('0J1IJsMbKWb5g2sJArTkGF', 'GB'),
('7M8eZBRTD9QNasEVReEM0H', 'DE'),
('7M8eZBRTD9QNasEVReEM0H', 'US'),
('7M8eZBRTD9QNasEVReEM0H', 'GB'),
('4GDMFpLQGOIRBcieUNQ8lM', 'DE'),
('4GDMFpLQGOIRBcieUNQ8lM', 'US'),
('4GDMFpLQGOIRBcieUNQ8lM', 'GB'),
('2LGHaLNh9BhHKk1C2GBzn5', 'DE'),
('2LGHaLNh9BhHKk1C2GBzn5', 'US'),
('2LGHaLNh9BhHKk1C2GBzn5', 'GB'),
('1krroldM4h2f8zNunf3IfU', 'DE'),
('1krroldM4h2f8zNunf3IfU', 'US'),
('1krroldM4h2f8zNunf3IfU', 'GB'),
('0Lm8MtlV0iivYDCIT7mzJe', 'DE'),
('0Lm8MtlV0iivYDCIT7mzJe', 'US'),
('0Lm8MtlV0iivYDCIT7mzJe', 'GB'),
('0RXyWw3IkjOWRhJtRmBHFm', 'DE'),
('0RXyWw3IkjOWRhJtRmBHFm', 'US'),
('0RXyWw3IkjOWRhJtRmBHFm', 'GB'),
('7AUkizUfEnYwedko6RTduQ', 'DE'),
('7AUkizUfEnYwedko6RTduQ', 'US'),
('7AUkizUfEnYwedko6RTduQ', 'GB'),
('5dn1G1VTP7CNuUZPPlzJ2L', 'DE'),
('5dn1G1VTP7CNuUZPPlzJ2L', 'US'),
('5dn1G1VTP7CNuUZPPlzJ2L', 'GB'),
('05RJpYatSHJMzudTFKvBvc', 'DE'),
('05RJpYatSHJMzudTFKvBvc', 'US'),
('05RJpYatSHJMzudTFKvBvc', 'GB'),
('0hRxxZRv3D55cQ1uGivqVO', 'DE'),
('0hRxxZRv3D55cQ1uGivqVO', 'US'),
('0hRxxZRv3D55cQ1uGivqVO', 'GB'),
('1h0wBpzoj66AFBBH8tKkup', 'DE'),
('1h0wBpzoj66AFBBH8tKkup', 'US'),
('1h0wBpzoj66AFBBH8tKkup', 'GB'),
('5h1LioQgmLvWoRU7V4pjma', 'DE'),
('5h1LioQgmLvWoRU7V4pjma', 'US'),
('5h1LioQgmLvWoRU7V4pjma', 'GB'),
('6Al20A1P8UlAAJVaqNhtE6', 'DE'),
('6Al20A1P8UlAAJVaqNhtE6', 'US'),
('6Al20A1P8UlAAJVaqNhtE6', 'GB'),
('4MQOInul4Fa1ymK6ocq0jM', 'DE'),
('4MQOInul4Fa1ymK6ocq0jM', 'US'),
('4MQOInul4Fa1ymK6ocq0jM', 'GB'),
('6Dpex5v3xDRTaIW8dcdvP2', 'DE'),
('6Dpex5v3xDRTaIW8dcdvP2', 'US'),
('6Dpex5v3xDRTaIW8dcdvP2', 'GB'),
('3Ah2aDmRtGRsAjsESncV18', 'DE'),
('3Ah2aDmRtGRsAjsESncV18', 'US'),
('3Ah2aDmRtGRsAjsESncV18', 'GB'),
('1gHbdWuuKjbJkgKvIyJtGM', 'DE'),
('1gHbdWuuKjbJkgKvIyJtGM', 'US'),
('1gHbdWuuKjbJkgKvIyJtGM', 'GB'),
('4OTW21s78rzSrOh9f6GKZ6', 'DE'),
('4OTW21s78rzSrOh9f6GKZ6', 'US'),
('4OTW21s78rzSrOh9f6GKZ6', 'GB'),
('5ySpopJq4R7WBcfdI7NG8g', 'DE'),
('5ySpopJq4R7WBcfdI7NG8g', 'US'),
('5ySpopJq4R7WBcfdI7NG8g', 'GB'),
('7C98kSnYzGhMib1TTfGRl4', 'DE'),
('7C98kSnYzGhMib1TTfGRl4', 'US'),
('7C98kSnYzGhMib1TTfGRl4', 'GB'),
('5oQCSLTjfg0vsF0hVAG1my', 'DE'),
('5oQCSLTjfg0vsF0hVAG1my', 'US'),
('5oQCSLTjfg0vsF0hVAG1my', 'GB'),
('3z0h4469214xdgS6omlSY1', 'DE'),
('3z0h4469214xdgS6omlSY1', 'US'),
('3z0h4469214xdgS6omlSY1', 'GB'),
('0umDTMuQFfvfwAFWK9347m', 'DE'),
('0umDTMuQFfvfwAFWK9347m', 'US'),
('0umDTMuQFfvfwAFWK9347m', 'GB'),
('1oNTXGW3aioF9Je0PHpR9K', 'DE'),
('1oNTXGW3aioF9Je0PHpR9K', 'US'),
('1oNTXGW3aioF9Je0PHpR9K', 'GB'),
('63qUnp65NdnhMIgxl6SM1z', 'DE'),
('63qUnp65NdnhMIgxl6SM1z', 'US'),
('63qUnp65NdnhMIgxl6SM1z', 'GB'),
('17LvWlCWxKJvo1Cbaf3Hca', 'DE'),
('17LvWlCWxKJvo1Cbaf3Hca', 'US'),
('17LvWlCWxKJvo1Cbaf3Hca', 'GB'),
('5Hb5xUOOjwRf4rATXPtPWZ', 'DE'),
('5Hb5xUOOjwRf4rATXPtPWZ', 'US'),
('5Hb5xUOOjwRf4rATXPtPWZ', 'GB'),
('7DUX29TUEAE39Ph0QlRFME', 'DE'),
('7DUX29TUEAE39Ph0QlRFME', 'US'),
('7DUX29TUEAE39Ph0QlRFME', 'GB'),
('1zOXs9kBDCGVYZXbxCR3eu', 'DE'),
('1zOXs9kBDCGVYZXbxCR3eu', 'US'),
('1zOXs9kBDCGVYZXbxCR3eu', 'GB'),
('4nwjvcUjV7cexhwA40Bh5i', 'DE'),
('4nwjvcUjV7cexhwA40Bh5i', 'US'),
('4nwjvcUjV7cexhwA40Bh5i', 'GB'),
('1AZwVoUx3UF5JbkUeMSUGe', 'DE'),
('1AZwVoUx3UF5JbkUeMSUGe', 'US'),
('1AZwVoUx3UF5JbkUeMSUGe', 'GB'),
('3zTnSPti5JjNsowJH4SS3u', 'DE'),
('3zTnSPti5JjNsowJH4SS3u', 'US'),
('3zTnSPti5JjNsowJH4SS3u', 'GB'),
('1f1v2sHXpFFtjxB8KVKypW', 'DE'),
('1f1v2sHXpFFtjxB8KVKypW', 'US'),
('1f1v2sHXpFFtjxB8KVKypW', 'GB'),
('4tyjNEHKos3lZPYAfTiMKH', 'DE'),
('4tyjNEHKos3lZPYAfTiMKH', 'US'),
('4tyjNEHKos3lZPYAfTiMKH', 'GB'),
('6zEg4KEgz6RGhCPmDKplYf', 'DE'),
('6zEg4KEgz6RGhCPmDKplYf', 'US'),
('6zEg4KEgz6RGhCPmDKplYf', 'GB'),
('6iGT4CugvKIPPee1BfNRTp', 'DE'),
('6iGT4CugvKIPPee1BfNRTp', 'US'),
('6iGT4CugvKIPPee1BfNRTp', 'GB'),
('3cm2v6gfWuixcHL2A6wvGl', 'DE'),
('3cm2v6gfWuixcHL2A6wvGl', 'US'),
('3cm2v6gfWuixcHL2A6wvGl', 'GB'),
('5PFjKfGf75I3LkKGiReWp5', 'DE'),
('5PFjKfGf75I3LkKGiReWp5', 'US'),
('5PFjKfGf75I3LkKGiReWp5', 'GB'),
('4bL5GNTF2zw5WyEle7irMf', 'DE'),
('4bL5GNTF2zw5WyEle7irMf', 'US'),
('4bL5GNTF2zw5WyEle7irMf', 'GB'),
('42dJ29C11xlJTLkRVmKty1', 'DE'),
('42dJ29C11xlJTLkRVmKty1', 'US'),
('42dJ29C11xlJTLkRVmKty1', 'GB'),
('2kX4ykCwUeAVYv6fahnDfG', 'DE'),
('2kX4ykCwUeAVYv6fahnDfG', 'US'),
('2kX4ykCwUeAVYv6fahnDfG', 'GB'),
('6fZouanPj27mII5L4kwvDe', 'DE'),
('6fZouanPj27mII5L4kwvDe', 'US'),
('6fZouanPj27mII5L4kwvDe', 'GB'),
('4OcTu05fjO7mRBmfCL1nZd', 'DE'),
('4OcTu05fjO7mRBmfCL1nZd', 'US'),
('4OcTu05fjO7mRBmfCL1nZd', 'GB'),
('2xT2d2PxUVKEchW64s2ff9', 'DE'),
('2xT2d2PxUVKEchW64s2ff9', 'US'),
('2xT2d2PxUVKEchW64s2ff9', 'GB'),
('1FEIfJgaGwiLKr4L8W5Iqj', 'DE'),
('1FEIfJgaGwiLKr4L8W5Iqj', 'US'),
('1FEIfJgaGwiLKr4L8W5Iqj', 'GB'),
('0AeMnsNv09apEA2w4iLGxu', 'DE'),
('0AeMnsNv09apEA2w4iLGxu', 'US'),
('0AeMnsNv09apEA2w4iLGxu', 'GB'),
('5Ic5QeBGzZO8wXm8JGSG31', 'DE'),
('5Ic5QeBGzZO8wXm8JGSG31', 'US'),
('5Ic5QeBGzZO8wXm8JGSG31', 'GB'),
('5nXAvCjpkB3Bsg1a5qML0H', 'DE'),
('5nXAvCjpkB3Bsg1a5qML0H', 'US'),
('5nXAvCjpkB3Bsg1a5qML0H', 'GB'),
('3o4rvW7gQXuqW405StWQsE', 'DE'),
('3o4rvW7gQXuqW405StWQsE', 'US'),
('3o4rvW7gQXuqW405StWQsE', 'GB'),
('3cJZI8jPuoG3zjfcXQAcdt', 'DE'),
('3cJZI8jPuoG3zjfcXQAcdt', 'US'),
('3cJZI8jPuoG3zjfcXQAcdt', 'GB'),
('4NPpPxzdnyj3XYMQwlCXn9', 'DE'),
('4NPpPxzdnyj3XYMQwlCXn9', 'US'),
('4NPpPxzdnyj3XYMQwlCXn9', 'GB'),
('6kgxZIqVntV1hmM0IFFnhU', 'DE'),
('6kgxZIqVntV1hmM0IFFnhU', 'US'),
('6kgxZIqVntV1hmM0IFFnhU', 'GB'),
('2JL0H1LWvE6ygTzK8zPHlE', 'DE'),
('2JL0H1LWvE6ygTzK8zPHlE', 'US'),
('2JL0H1LWvE6ygTzK8zPHlE', 'GB'),
('1cAu2tlKS86QMqIGHf75dS', 'DE'),
('1cAu2tlKS86QMqIGHf75dS', 'US'),
('1cAu2tlKS86QMqIGHf75dS', 'GB'),
('7LWXh2JPLzKt1dla81mWWt', 'DE'),
('7LWXh2JPLzKt1dla81mWWt', 'US'),
('7LWXh2JPLzKt1dla81mWWt', 'GB'),
('1JKh2bRSYxx04pBEmFM6Bt', 'DE'),
('1JKh2bRSYxx04pBEmFM6Bt', 'US'),
('1JKh2bRSYxx04pBEmFM6Bt', 'GB'),
('6lYDFEsQRgCDj0cBKodzG0', 'DE'),
('6lYDFEsQRgCDj0cBKodzG0', 'US'),
('6lYDFEsQRgCDj0cBKodzG0', 'GB'),
('3gyAIXrDvHQAsk5UF2V1Bn', 'DE'),
('3gyAIXrDvHQAsk5UF2V1Bn', 'US'),
('3gyAIXrDvHQAsk5UF2V1Bn', 'GB'),
('7AJYzLJSLtJzic79quUS0j', 'DE'),
('7AJYzLJSLtJzic79quUS0j', 'US'),
('7AJYzLJSLtJzic79quUS0j', 'GB'),
('0BUL18qo9Br1PhG1n6vEJ5', 'DE'),
('0BUL18qo9Br1PhG1n6vEJ5', 'US'),
('0BUL18qo9Br1PhG1n6vEJ5', 'GB'),
('5pf655TBrj3TNelXPRUylt', 'DE'),
('5pf655TBrj3TNelXPRUylt', 'US'),
('5pf655TBrj3TNelXPRUylt', 'GB'),
('1zw2pnfGDjRjnPOquYGwH6', 'DE'),
('1zw2pnfGDjRjnPOquYGwH6', 'US'),
('1zw2pnfGDjRjnPOquYGwH6', 'GB'),
('4GkcuPPvU15cGnI6JDToZK', 'DE'),
('4GkcuPPvU15cGnI6JDToZK', 'US'),
('4GkcuPPvU15cGnI6JDToZK', 'GB'),
('0ct0FgC4wIXBNXhxADiOYw', 'DE'),
('0ct0FgC4wIXBNXhxADiOYw', 'GB'),
('5LC7nItIEFp4nzdFdEGbf9', 'DE'),
('5LC7nItIEFp4nzdFdEGbf9', 'US'),
('5LC7nItIEFp4nzdFdEGbf9', 'GB'),
('7phJBl7QDxEurVpW1Nlqf9', 'DE'),
('7phJBl7QDxEurVpW1Nlqf9', 'GB'),
('40GTKaedGtzka8dlV4NuqI', 'DE'),
('40GTKaedGtzka8dlV4NuqI', 'US'),
('40GTKaedGtzka8dlV4NuqI', 'GB'),
('39zRJRLDREljQNU6LCgMFi', 'DE'),
('39zRJRLDREljQNU6LCgMFi', 'GB'),
('6OaexwzJ7LXIykBzRqpOmD', 'DE'),
('6OaexwzJ7LXIykBzRqpOmD', 'US'),
('6OaexwzJ7LXIykBzRqpOmD', 'GB'),
('34Owb4rZbbKapQ4YFeuhVl', 'DE'),
('34Owb4rZbbKapQ4YFeuhVl', 'GB'),
('1g57PnPzUoyRtKADFDehCZ', 'DE'),
('1g57PnPzUoyRtKADFDehCZ', 'GB'),
('6l15zKFH48Am5AeuCM38o6', 'DE'),
('6l15zKFH48Am5AeuCM38o6', 'US'),
('6l15zKFH48Am5AeuCM38o6', 'GB'),
('3GnlbPpTLBwz35Cg5sdxuX', 'DE'),
('3GnlbPpTLBwz35Cg5sdxuX', 'US'),
('3GnlbPpTLBwz35Cg5sdxuX', 'GB'),
('4NDpn6yfD5aqafYWFEaJDz', 'DE'),
('4NDpn6yfD5aqafYWFEaJDz', 'US'),
('4NDpn6yfD5aqafYWFEaJDz', 'GB'),
('77RrNbeBUXb1Dtewp0HQuR', 'DE'),
('77RrNbeBUXb1Dtewp0HQuR', 'US'),
('77RrNbeBUXb1Dtewp0HQuR', 'GB'),
('0IEGGuRHP8ylbCXausRF9p', 'DE'),
('0IEGGuRHP8ylbCXausRF9p', 'US'),
('0IEGGuRHP8ylbCXausRF9p', 'GB'),
('0LbK1bodGLc9xmV1cS9jvL', 'DE'),
('0LbK1bodGLc9xmV1cS9jvL', 'US'),
('0LbK1bodGLc9xmV1cS9jvL', 'GB'),
('2r45rookK2awLkiOHOef1o', 'DE'),
('2r45rookK2awLkiOHOef1o', 'US'),
('2r45rookK2awLkiOHOef1o', 'GB'),
('7F5rIyOI88zk36AiBXC8xq', 'DE'),
('7F5rIyOI88zk36AiBXC8xq', 'US'),
('7F5rIyOI88zk36AiBXC8xq', 'GB'),
('4d0dY3ZeMdoYrD5YmdFvWZ', 'DE'),
('4d0dY3ZeMdoYrD5YmdFvWZ', 'US'),
('4d0dY3ZeMdoYrD5YmdFvWZ', 'GB'),
('2G4rsUWjuBb6vPrUm01etb', 'DE'),
('2G4rsUWjuBb6vPrUm01etb', 'US'),
('2G4rsUWjuBb6vPrUm01etb', 'GB'),
('7BizTaPDXSWVi8vdGeFg0W', 'DE'),
('7BizTaPDXSWVi8vdGeFg0W', 'US'),
('7BizTaPDXSWVi8vdGeFg0W', 'GB'),
('1L5tZi0izXsi5Kk5OJf4W0', 'DE'),
('1L5tZi0izXsi5Kk5OJf4W0', 'US'),
('1L5tZi0izXsi5Kk5OJf4W0', 'GB'),
('4zQuwW24dweWcaX0fEJkP2', 'DE'),
('4zQuwW24dweWcaX0fEJkP2', 'US'),
('4zQuwW24dweWcaX0fEJkP2', 'GB'),
('5RqIM2vv5nw2PGJBqPD8Rg', 'DE'),
('5RqIM2vv5nw2PGJBqPD8Rg', 'US'),
('5RqIM2vv5nw2PGJBqPD8Rg', 'GB'),
('2i1S5Dq9SaFGcnw8mnb4ks', 'DE'),
('2i1S5Dq9SaFGcnw8mnb4ks', 'US'),
('2i1S5Dq9SaFGcnw8mnb4ks', 'GB'),
('30FURVTCpbKyykjSEQzGkH', 'DE'),
('30FURVTCpbKyykjSEQzGkH', 'US'),
('30FURVTCpbKyykjSEQzGkH', 'GB'),
('570ZDO2Lmh6NQChOU5xPUL', 'DE'),
('570ZDO2Lmh6NQChOU5xPUL', 'US'),
('570ZDO2Lmh6NQChOU5xPUL', 'GB'),
('6yLX8QnxlnEqZfs3YKCfjF', 'DE'),
('6yLX8QnxlnEqZfs3YKCfjF', 'US'),
('6yLX8QnxlnEqZfs3YKCfjF', 'GB'),
('37A5PvtftHtsISQUDFNGUk', 'DE'),
('37A5PvtftHtsISQUDFNGUk', 'US'),
('37A5PvtftHtsISQUDFNGUk', 'GB'),
('0RatRR1mlxEVR6WATH4jV3', 'DE'),
('0RatRR1mlxEVR6WATH4jV3', 'US'),
('0RatRR1mlxEVR6WATH4jV3', 'GB'),
('0sSdFMuYrn3N9moumV466B', 'DE'),
('0sSdFMuYrn3N9moumV466B', 'US'),
('0sSdFMuYrn3N9moumV466B', 'GB'),
('1TZgdopOZCUxpS5bp1i0Zz', 'DE'),
('1TZgdopOZCUxpS5bp1i0Zz', 'US'),
('1TZgdopOZCUxpS5bp1i0Zz', 'GB'),
('7qEiBWlztvDFrILdizFULx', 'DE'),
('7qEiBWlztvDFrILdizFULx', 'US'),
('7qEiBWlztvDFrILdizFULx', 'GB'),
('2dmBAIjIfisvCG7G9YEh0g', 'DE'),
('2dmBAIjIfisvCG7G9YEh0g', 'US'),
('2dmBAIjIfisvCG7G9YEh0g', 'GB'),
('15yaPgTazHHemSnHYYl8HO', 'DE'),
('15yaPgTazHHemSnHYYl8HO', 'US'),
('15yaPgTazHHemSnHYYl8HO', 'GB'),
('6sGIMrtIzQjdzNndVxe397', 'DE'),
('6sGIMrtIzQjdzNndVxe397', 'US'),
('6sGIMrtIzQjdzNndVxe397', 'GB'),
('3Vd4fHzwS6pBS3muymjiDi', 'DE'),
('3Vd4fHzwS6pBS3muymjiDi', 'US'),
('3Vd4fHzwS6pBS3muymjiDi', 'GB'),
('0mYXRQpTGjaLJt1l9MY4ps', 'DE'),
('0mYXRQpTGjaLJt1l9MY4ps', 'US'),
('0mYXRQpTGjaLJt1l9MY4ps', 'GB'),
('28HadeGsalBfbVfMEkCcF7', 'DE'),
('28HadeGsalBfbVfMEkCcF7', 'US'),
('28HadeGsalBfbVfMEkCcF7', 'GB'),
('3bUpRf4GN6SV6ejgQ4IQxT', 'DE'),
('3bUpRf4GN6SV6ejgQ4IQxT', 'US'),
('3bUpRf4GN6SV6ejgQ4IQxT', 'GB'),
('5SruEBX3KpgpDvEcIuN53P', 'DE'),
('5SruEBX3KpgpDvEcIuN53P', 'US'),
('5SruEBX3KpgpDvEcIuN53P', 'GB'),
('1IPaRu8lPConHPcdXHQwNA', 'DE'),
('1IPaRu8lPConHPcdXHQwNA', 'US'),
('1IPaRu8lPConHPcdXHQwNA', 'GB'),
('4ohkrQZ3wHGFOIPf9IrDeC', 'DE'),
('4ohkrQZ3wHGFOIPf9IrDeC', 'US'),
('4ohkrQZ3wHGFOIPf9IrDeC', 'GB'),
('58iyXYp3jRCIQFYzPat0hQ', 'DE'),
('58iyXYp3jRCIQFYzPat0hQ', 'US'),
('58iyXYp3jRCIQFYzPat0hQ', 'GB'),
('0Y01lyWjLTk4K9GdtxXUGa', 'DE'),
('0Y01lyWjLTk4K9GdtxXUGa', 'US'),
('0Y01lyWjLTk4K9GdtxXUGa', 'GB'),
('1Gr79Y5WZAdaGmD7s7qZsc', 'DE'),
('1Gr79Y5WZAdaGmD7s7qZsc', 'US'),
('1Gr79Y5WZAdaGmD7s7qZsc', 'GB'),
('3q41FziL8FHDqExbmZCaGe', 'DE'),
('3q41FziL8FHDqExbmZCaGe', 'US'),
('3q41FziL8FHDqExbmZCaGe', 'GB'),
('4rPhL83ZSDMmqntGZzER9q', 'DE'),
('4rPhL83ZSDMmqntGZzER9q', 'US'),
('4rPhL83ZSDMmqntGZzER9q', 'GB'),
('5cm5yTOJsRZhFzN9Sjg7Cf', 'DE'),
('5cm5yTOJsRZhFzN9Sjg7Cf', 'US'),
('5cm5yTOJsRZhFzN9Sjg7Cf', 'GB'),
('2QJAc4A7goYqLrPs2SXOPm', 'DE'),
('2QJAc4A7goYqLrPs2SXOPm', 'US'),
('2QJAc4A7goYqLrPs2SXOPm', 'GB'),
('5nkvXZuBjLFStWbDOu4T7d', 'DE'),
('5nkvXZuBjLFStWbDOu4T7d', 'US'),
('5nkvXZuBjLFStWbDOu4T7d', 'GB'),
('60Chx5sZxkUrADNOKaRU7h', 'DE'),
('60Chx5sZxkUrADNOKaRU7h', 'US'),
('60Chx5sZxkUrADNOKaRU7h', 'GB'),
('36vmaZyO0iAE6FZ7287fg2', 'DE'),
('36vmaZyO0iAE6FZ7287fg2', 'US'),
('36vmaZyO0iAE6FZ7287fg2', 'GB'),
('0M7oki70AV10Ztt3HyUd8Z', 'DE'),
('0M7oki70AV10Ztt3HyUd8Z', 'US'),
('0M7oki70AV10Ztt3HyUd8Z', 'GB'),
('0phoKTAvwe0pL1yBdKIucn', 'DE'),
('0phoKTAvwe0pL1yBdKIucn', 'US'),
('0phoKTAvwe0pL1yBdKIucn', 'GB'),
('1o0ChtApxdxNqI6vaOK8JK', 'DE'),
('1o0ChtApxdxNqI6vaOK8JK', 'US'),
('1o0ChtApxdxNqI6vaOK8JK', 'GB'),
('6ML4nbhSoh4cTtWRNcmNMK', 'DE'),
('6ML4nbhSoh4cTtWRNcmNMK', 'US'),
('6ML4nbhSoh4cTtWRNcmNMK', 'GB'),
('4CevWKebcrg0qzZCI6vu9c', 'DE'),
('4CevWKebcrg0qzZCI6vu9c', 'US'),
('4CevWKebcrg0qzZCI6vu9c', 'GB'),
('3cPoiK69oQ1SdbB2j2ulGm', 'DE'),
('3cPoiK69oQ1SdbB2j2ulGm', 'US'),
('3cPoiK69oQ1SdbB2j2ulGm', 'GB'),
('2LzOTLGAqF9IPkwHFiCysq', 'DE'),
('2LzOTLGAqF9IPkwHFiCysq', 'US'),
('2LzOTLGAqF9IPkwHFiCysq', 'GB'),
('2iq1qD2ifqpYS5J2I35u7h', 'DE'),
('2iq1qD2ifqpYS5J2I35u7h', 'US'),
('2iq1qD2ifqpYS5J2I35u7h', 'GB'),
('2QYeZ1LOmNbjqsPAQzrt9t', 'DE'),
('2QYeZ1LOmNbjqsPAQzrt9t', 'US'),
('2QYeZ1LOmNbjqsPAQzrt9t', 'GB'),
('7iSWoRUjzRodMEOE3CIr5e', 'DE'),
('7iSWoRUjzRodMEOE3CIr5e', 'US'),
('7iSWoRUjzRodMEOE3CIr5e', 'GB'),
('45nT3f1XHQoRa6063ld2pq', 'DE'),
('45nT3f1XHQoRa6063ld2pq', 'US'),
('45nT3f1XHQoRa6063ld2pq', 'GB'),
('1IPgEHE1SAwSMxfkdI5nRG', 'DE'),
('1IPgEHE1SAwSMxfkdI5nRG', 'US'),
('1IPgEHE1SAwSMxfkdI5nRG', 'GB'),
('17wOV3PIGpzarTv695gvE2', 'DE'),
('17wOV3PIGpzarTv695gvE2', 'US'),
('17wOV3PIGpzarTv695gvE2', 'GB'),
('0s0RmqMxEcJTEhQrnQTf4Y', 'DE'),
('0s0RmqMxEcJTEhQrnQTf4Y', 'US'),
('0s0RmqMxEcJTEhQrnQTf4Y', 'GB'),
('33fHnmX6UwWTcx3QIduJAV', 'DE'),
('33fHnmX6UwWTcx3QIduJAV', 'US'),
('33fHnmX6UwWTcx3QIduJAV', 'GB'),
('1ku88wNTb0I2KhfBN6PTmI', 'DE'),
('1ku88wNTb0I2KhfBN6PTmI', 'US'),
('1ku88wNTb0I2KhfBN6PTmI', 'GB'),
('5TVYi3OXwRlmj7s4m6OD60', 'DE'),
('5TVYi3OXwRlmj7s4m6OD60', 'US'),
('5TVYi3OXwRlmj7s4m6OD60', 'GB'),
('1twL5ThDci8BZiSvHLW7fm', 'DE'),
('1twL5ThDci8BZiSvHLW7fm', 'US'),
('1twL5ThDci8BZiSvHLW7fm', 'GB'),
('7KpU7qmKP0jK7y6ywrwfhJ', 'DE'),
('7KpU7qmKP0jK7y6ywrwfhJ', 'US'),
('7KpU7qmKP0jK7y6ywrwfhJ', 'GB'),
('5IWcGbw2C79z3gp6PjXgTd', 'DE'),
('5IWcGbw2C79z3gp6PjXgTd', 'US'),
('5IWcGbw2C79z3gp6PjXgTd', 'GB'),
('3ETkHnOoS67crn1sMlVNVZ', 'DE'),
('3ETkHnOoS67crn1sMlVNVZ', 'US'),
('3ETkHnOoS67crn1sMlVNVZ', 'GB'),
('7M0cGXz3dtZJj1zUiDby1C', 'DE'),
('7M0cGXz3dtZJj1zUiDby1C', 'US'),
('7M0cGXz3dtZJj1zUiDby1C', 'GB'),
('4OUAH6Aa0R1pF02VacdptJ', 'DE'),
('4OUAH6Aa0R1pF02VacdptJ', 'US'),
('4OUAH6Aa0R1pF02VacdptJ', 'GB'),
('6JOcDfZL9MsF9MseRz1gBj', 'DE'),
('6JOcDfZL9MsF9MseRz1gBj', 'US'),
('6JOcDfZL9MsF9MseRz1gBj', 'GB'),
('3I5GpriXnDyjx6XD7jPYrN', 'DE'),
('3I5GpriXnDyjx6XD7jPYrN', 'US'),
('3I5GpriXnDyjx6XD7jPYrN', 'GB'),
('12wpxFfdN9sbAO2ZGNAg4m', 'DE'),
('12wpxFfdN9sbAO2ZGNAg4m', 'US'),
('12wpxFfdN9sbAO2ZGNAg4m', 'GB'),
('1YAfiUAUtftsdykOs0CjeN', 'DE'),
('1YAfiUAUtftsdykOs0CjeN', 'US'),
('1YAfiUAUtftsdykOs0CjeN', 'GB'),
('12UyfzVQj74EEOwbord8sO', 'DE'),
('12UyfzVQj74EEOwbord8sO', 'US'),
('12UyfzVQj74EEOwbord8sO', 'GB'),
('3nbVjTQ34xrphWljq8JpPp', 'DE'),
('3nbVjTQ34xrphWljq8JpPp', 'US'),
('3nbVjTQ34xrphWljq8JpPp', 'GB'),
('6YAY4EnYlkuijOIKXoBvLu', 'DE'),
('6YAY4EnYlkuijOIKXoBvLu', 'US'),
('6YAY4EnYlkuijOIKXoBvLu', 'GB'),
('08JT8Y7eP9gmhat9Ffw55i', 'DE'),
('08JT8Y7eP9gmhat9Ffw55i', 'US'),
('08JT8Y7eP9gmhat9Ffw55i', 'GB'),
('7mxFBcEWI0OUFmxYmFNdxY', 'DE'),
('7mxFBcEWI0OUFmxYmFNdxY', 'US'),
('7mxFBcEWI0OUFmxYmFNdxY', 'GB'),
('3pxzkg7l1TSAFPMkUDtxvY', 'DE'),
('3pxzkg7l1TSAFPMkUDtxvY', 'US'),
('3pxzkg7l1TSAFPMkUDtxvY', 'GB'),
('5eXi8sgYKMa17H0EjjrkJl', 'DE'),
('5eXi8sgYKMa17H0EjjrkJl', 'US'),
('5eXi8sgYKMa17H0EjjrkJl', 'GB'),
('7aDTPE06rCo85Oi5QMKVa9', 'DE'),
('7aDTPE06rCo85Oi5QMKVa9', 'US'),
('7aDTPE06rCo85Oi5QMKVa9', 'GB'),
('2vv18u1Fol5Q3B6spd27iJ', 'DE'),
('2vv18u1Fol5Q3B6spd27iJ', 'US'),
('2vv18u1Fol5Q3B6spd27iJ', 'GB'),
('6Nn6LT91REYqSJwpq2QeWZ', 'DE'),
('6Nn6LT91REYqSJwpq2QeWZ', 'US'),
('6Nn6LT91REYqSJwpq2QeWZ', 'GB'),
('1EDatRsuXzJtEeKXXwHQbH', 'DE'),
('1EDatRsuXzJtEeKXXwHQbH', 'US'),
('1EDatRsuXzJtEeKXXwHQbH', 'GB'),
('2kUobuIGvZC1wscznevIlK', 'DE'),
('2kUobuIGvZC1wscznevIlK', 'US'),
('2kUobuIGvZC1wscznevIlK', 'GB'),
('75KB3fRKYXIW85yQHpno5o', 'DE'),
('75KB3fRKYXIW85yQHpno5o', 'US'),
('75KB3fRKYXIW85yQHpno5o', 'GB'),
('5NTI59nR3bhrzohaCudjtA', 'DE'),
('5NTI59nR3bhrzohaCudjtA', 'US'),
('5NTI59nR3bhrzohaCudjtA', 'GB'),
('17W6lenZrmJuhQvCTIpZ7f', 'DE'),
('17W6lenZrmJuhQvCTIpZ7f', 'US'),
('17W6lenZrmJuhQvCTIpZ7f', 'GB'),
('7Lmd6VQGu2CpBCLmhZt6yY', 'DE'),
('7Lmd6VQGu2CpBCLmhZt6yY', 'US'),
('7Lmd6VQGu2CpBCLmhZt6yY', 'GB'),
('2X6huMnBRkYfv4v24G7Zoe', 'DE'),
('2X6huMnBRkYfv4v24G7Zoe', 'US'),
('2X6huMnBRkYfv4v24G7Zoe', 'GB'),
('0HUoHvjVzZmDLKk19yVh7h', 'DE'),
('0HUoHvjVzZmDLKk19yVh7h', 'US'),
('0HUoHvjVzZmDLKk19yVh7h', 'GB'),
('72l961PIGmalW1SCCSd8uj', 'DE'),
('72l961PIGmalW1SCCSd8uj', 'US'),
('72l961PIGmalW1SCCSd8uj', 'GB'),
('047J69nSeE1UMJbyVLKXCE', 'DE'),
('047J69nSeE1UMJbyVLKXCE', 'US'),
('047J69nSeE1UMJbyVLKXCE', 'GB'),
('6sOAMkqa7WaG3pfzIYHPmQ', 'DE'),
('6sOAMkqa7WaG3pfzIYHPmQ', 'GB'),
('3P2pKbfisrFQRRK48KJ7cp', 'DE'),
('3P2pKbfisrFQRRK48KJ7cp', 'GB'),
('0D1rreX84Dox9UReh0PnzN', 'DE'),
('0D1rreX84Dox9UReh0PnzN', 'GB'),
('1IecK54RF4bJAP0pt05T6x', 'DE'),
('1IecK54RF4bJAP0pt05T6x', 'GB'),
('1ng1syKYNSe1gqu8QL7lEf', 'DE'),
('1ng1syKYNSe1gqu8QL7lEf', 'GB'),
('3EF4K6JP3igdOoLCFHa4iI', 'DE'),
('3EF4K6JP3igdOoLCFHa4iI', 'GB'),
('7wkKV4UQW44G5Bvxcreubs', 'DE'),
('7wkKV4UQW44G5Bvxcreubs', 'GB'),
('5cp9dOP6VklDcvfD4tNhbj', 'DE'),
('5cp9dOP6VklDcvfD4tNhbj', 'GB'),
('7D1wFFCU79ngzm2FarRD7o', 'DE'),
('7D1wFFCU79ngzm2FarRD7o', 'GB'),
('0y4yi95RLljTR2Bf6UqbXL', 'DE'),
('0y4yi95RLljTR2Bf6UqbXL', 'GB'),
('2QIPxZBFX8xaqSmgIZIEjx', 'DE'),
('2QIPxZBFX8xaqSmgIZIEjx', 'GB'),
('0tmxCKdE17DUYVY2xDvcuc', 'DE'),
('0tmxCKdE17DUYVY2xDvcuc', 'GB'),
('4KctWepIyM6ZaoTAAXlNOT', 'DE'),
('4KctWepIyM6ZaoTAAXlNOT', 'GB'),
('4b7ZL4o8Of3H1DzoBcNOtN', 'DE'),
('4b7ZL4o8Of3H1DzoBcNOtN', 'GB'),
('4r8FqRCGUdg4cvn6IsqIK0', 'DE'),
('4r8FqRCGUdg4cvn6IsqIK0', 'GB'),
('7fogXr6QkwdHJhbH1He13i', 'DE'),
('7fogXr6QkwdHJhbH1He13i', 'GB'),
('13IiVwF2esTIroFFrD1cPC', 'DE'),
('13IiVwF2esTIroFFrD1cPC', 'GB'),
('43ae3Y2FYsSIkgfFErqPpa', 'DE'),
('43ae3Y2FYsSIkgfFErqPpa', 'GB'),
('77JjHGpcB8sHL7ik2sR6Cp', 'DE'),
('77JjHGpcB8sHL7ik2sR6Cp', 'GB'),
('1qCEVCS63HZXUukHcxM09X', 'DE'),
('1qCEVCS63HZXUukHcxM09X', 'GB'),
('637Y3DPDISaIuoRhWtPEcI', 'DE'),
('637Y3DPDISaIuoRhWtPEcI', 'GB'),
('4WTQH5epUfqsbKCziwrEQ4', 'DE'),
('4WTQH5epUfqsbKCziwrEQ4', 'GB'),
('3Q9eWTbrS9hW1cnkxgrqeZ', 'DE'),
('3Q9eWTbrS9hW1cnkxgrqeZ', 'GB'),
('4j6ofZurmGFQcAD1QUQJce', 'DE'),
('4j6ofZurmGFQcAD1QUQJce', 'GB'),
('2gxLzPc168EhqMh4uinzG9', 'DE'),
('2gxLzPc168EhqMh4uinzG9', 'GB'),
('2Vf24XYhgaglLPqIsF64co', 'DE'),
('2Vf24XYhgaglLPqIsF64co', 'GB'),
('0w6K2mYSlBOQxD3nIu3ik4', 'DE'),
('0w6K2mYSlBOQxD3nIu3ik4', 'GB'),
('3rKZvROx01R0eaXc0Adyue', 'DE'),
('3rKZvROx01R0eaXc0Adyue', 'GB'),
('7HpJmth7FOOJMQUiostbcM', 'DE'),
('7HpJmth7FOOJMQUiostbcM', 'GB'),
('7FztM68x4QxBWTyilm0b5V', 'DE'),
('7FztM68x4QxBWTyilm0b5V', 'GB'),
('5syNNgUlbPZ8h19yVZEsDm', 'DE'),
('5syNNgUlbPZ8h19yVZEsDm', 'US'),
('5syNNgUlbPZ8h19yVZEsDm', 'GB'),
('5ihuKwja2UCs1XenhsrrEt', 'DE'),
('5ihuKwja2UCs1XenhsrrEt', 'US'),
('5ihuKwja2UCs1XenhsrrEt', 'GB'),
('4fwTWFQ5OQ8mF9qI7nHs0M', 'DE'),
('4fwTWFQ5OQ8mF9qI7nHs0M', 'US'),
('4fwTWFQ5OQ8mF9qI7nHs0M', 'GB'),
('1egPuoHPfi7H6DHmK6ZhXV', 'DE'),
('1egPuoHPfi7H6DHmK6ZhXV', 'US'),
('1egPuoHPfi7H6DHmK6ZhXV', 'GB'),
('2W1BnOhOcAfHecE0XRYptJ', 'DE'),
('2W1BnOhOcAfHecE0XRYptJ', 'US'),
('2W1BnOhOcAfHecE0XRYptJ', 'GB'),
('6zRDRxRtIUAKSPuqFovEmR', 'DE'),
('6zRDRxRtIUAKSPuqFovEmR', 'US'),
('6zRDRxRtIUAKSPuqFovEmR', 'GB'),
('0n0azzXYHysGtYh6GI1GZ2', 'DE'),
('0n0azzXYHysGtYh6GI1GZ2', 'US'),
('0n0azzXYHysGtYh6GI1GZ2', 'GB'),
('1kXY302eUGL3TLv2OMYfL8', 'DE'),
('1kXY302eUGL3TLv2OMYfL8', 'US'),
('1kXY302eUGL3TLv2OMYfL8', 'GB'),
('2yET5qtxoar1oiBCnsToPK', 'DE'),
('2yET5qtxoar1oiBCnsToPK', 'US'),
('2yET5qtxoar1oiBCnsToPK', 'GB'),
('6vQio43P4YWn3Lie82EIdu', 'DE'),
('6vQio43P4YWn3Lie82EIdu', 'US'),
('6vQio43P4YWn3Lie82EIdu', 'GB'),
('6bjjcZcsPFjfboROSS450N', 'DE'),
('6bjjcZcsPFjfboROSS450N', 'GB'),
('1vjexWKmmmV6qOc8qR1KEn', 'DE'),
('1vjexWKmmmV6qOc8qR1KEn', 'GB'),
('5l29k7lomkP6vEm0T4VXK6', 'DE'),
('5l29k7lomkP6vEm0T4VXK6', 'GB'),
('0lBr8ZiXlMIHwQwEI3MtcG', 'DE'),
('0lBr8ZiXlMIHwQwEI3MtcG', 'GB'),
('4vk1OwJkZrAnm1PvZRo07o', 'DE'),
('4vk1OwJkZrAnm1PvZRo07o', 'GB'),
('7lAWqYorcpR1eMgdkSNpbW', 'DE'),
('7lAWqYorcpR1eMgdkSNpbW', 'GB'),
('0iXaCVOLqzxbqEtlEl6eGA', 'DE'),
('0iXaCVOLqzxbqEtlEl6eGA', 'GB'),
('728O8bpmtOctuYPqy7X4Rc', 'DE'),
('728O8bpmtOctuYPqy7X4Rc', 'GB'),
('37OtKFFQFJfvb3RQXIyQOW', 'DE'),
('37OtKFFQFJfvb3RQXIyQOW', 'GB'),
('3LF9Ts0Eel6QeItdYXRTPd', 'DE'),
('3LF9Ts0Eel6QeItdYXRTPd', 'GB'),
('2E1FbD1uNLZAJRCRtc29GM', 'DE'),
('2E1FbD1uNLZAJRCRtc29GM', 'GB'),
('4yWdUocDtK0ruIxPMBOosR', 'DE'),
('4yWdUocDtK0ruIxPMBOosR', 'GB'),
('5l2kcFF67u00oUYkUUW4RL', 'DE'),
('5l2kcFF67u00oUYkUUW4RL', 'GB'),
('4fgxdwH8IglHdb3jISNQ9G', 'DE'),
('4fgxdwH8IglHdb3jISNQ9G', 'GB'),
('3KW9gbnzZm1gDhWuPfFu91', 'DE'),
('3KW9gbnzZm1gDhWuPfFu91', 'GB'),
('4f4xWJknn6Yt2Sj9VPGHXe', 'DE'),
('4f4xWJknn6Yt2Sj9VPGHXe', 'GB'),
('6u8mwhXKx3UnBSyCqZv9Qe', 'DE'),
('6u8mwhXKx3UnBSyCqZv9Qe', 'GB'),
('2lwo4HbLM3S7bkbd1YsBa4', 'DE'),
('2lwo4HbLM3S7bkbd1YsBa4', 'GB'),
('15AD0dVRa56knhKRVJrhtY', 'DE'),
('15AD0dVRa56knhKRVJrhtY', 'US'),
('15AD0dVRa56knhKRVJrhtY', 'GB'),
('0oGkLDCHNcKnNffFkkfh13', 'DE'),
('0oGkLDCHNcKnNffFkkfh13', 'US'),
('0oGkLDCHNcKnNffFkkfh13', 'GB'),
('4olvK2EbSospLhJMfUUtPp', 'DE'),
('4olvK2EbSospLhJMfUUtPp', 'US'),
('4olvK2EbSospLhJMfUUtPp', 'GB'),
('3p3sewOyj6WLdHWGNeMnsB', 'DE'),
('3p3sewOyj6WLdHWGNeMnsB', 'US'),
('3p3sewOyj6WLdHWGNeMnsB', 'GB'),
('5wyONsMb0O5fiRFYsPZhg9', 'DE'),
('5wyONsMb0O5fiRFYsPZhg9', 'US'),
('5wyONsMb0O5fiRFYsPZhg9', 'GB'),
('2pwTTwxCeea4eh2M9rSj0H', 'DE'),
('2pwTTwxCeea4eh2M9rSj0H', 'US'),
('2pwTTwxCeea4eh2M9rSj0H', 'GB'),
('5VvStpAwDAhvjoE97CSQ8F', 'DE'),
('5VvStpAwDAhvjoE97CSQ8F', 'US'),
('5VvStpAwDAhvjoE97CSQ8F', 'GB'),
('52iHm7O7wxQvOra9qaP9RH', 'DE'),
('52iHm7O7wxQvOra9qaP9RH', 'US'),
('52iHm7O7wxQvOra9qaP9RH', 'GB'),
('6Q963OGEIcdFePtSu9HYMT', 'DE'),
('6Q963OGEIcdFePtSu9HYMT', 'US'),
('6Q963OGEIcdFePtSu9HYMT', 'GB'),
('3qqIi0WQsNQEhH1DBYeI3f', 'DE'),
('3qqIi0WQsNQEhH1DBYeI3f', 'US'),
('3qqIi0WQsNQEhH1DBYeI3f', 'GB');

INSERT INTO playlists (playlist_id, playlist_name, owner) VALUES
('0locryv72BXQL47gTcFJch', 'Pop playlist', 'Nick4UNC'),
('0xTOjQjzCBKB8xLsU9XNlb', 'Rock Playlists', 'Hudson Williams'),
('6SkvEqB4MqwWyPVlIdOYHh', 'Rock Mix', 'Takeover Records'),
('7zakicynKQs4COlI2IxhLG', 'Jazz', 'S1dni');

INSERT INTO playlist_songs (playlist_id, song_id) VALUES
('0locryv72BXQL47gTcFJch', '0d2iYfpKoM0QCKvcLCkBao'),
('0locryv72BXQL47gTcFJch', '5SxkdsY1ufZzoq9iXceLw9'),
('0locryv72BXQL47gTcFJch', '0ofbQMrRDsUaVKq2mGLEAb'),
('0locryv72BXQL47gTcFJch', '5VnDkUNyX6u5Sk0yZiP8XB'),
('0locryv72BXQL47gTcFJch', '3eR23VReFzcdmS7TYCrhCe'),
('0locryv72BXQL47gTcFJch', '1louJpMmzEicAn7lzDalPW'),
('0locryv72BXQL47gTcFJch', '4nYsmWkuTaowTMy4gskmBw'),
('0locryv72BXQL47gTcFJch', '1i1fxkWeaMmKEB4T7zqbzK'),
('0locryv72BXQL47gTcFJch', '1x5sYLZiu9r5E43kMlt9f8'),
('0locryv72BXQL47gTcFJch', '4vlnIIEJCooktVkmXtpjgZ'),
('0xTOjQjzCBKB8xLsU9XNlb', '2d4e45fmUnguxh6yqC7gNT'),
('0xTOjQjzCBKB8xLsU9XNlb', '43DeSV93pJPT4lCZaWZ6b1'),
('0xTOjQjzCBKB8xLsU9XNlb', '6eN1f9KNmiWEhpE2RhQqB5'),
('0xTOjQjzCBKB8xLsU9XNlb', '39sH8Fl415P7O8GRP1Td6Z'),
('0xTOjQjzCBKB8xLsU9XNlb', '77NNZQSqzLNqh2A9JhLRkg'),
('0xTOjQjzCBKB8xLsU9XNlb', '63T7DJ1AFDD6Bn8VzG6JE8'),
('0xTOjQjzCBKB8xLsU9XNlb', '7GkM8M2EC8OJblOxQxAR7t'),
('0xTOjQjzCBKB8xLsU9XNlb', '24NwBd5vZ2CK8VOQVnqdxr'),
('0xTOjQjzCBKB8xLsU9XNlb', '07KHJvlYBeQVqrmifTEqEp'),
('0xTOjQjzCBKB8xLsU9XNlb', '08mG3Y1vljYA6bvDt4Wqkj'),
('6SkvEqB4MqwWyPVlIdOYHh', '3agtg0x11wPvLIWkYR39nZ'),
('6SkvEqB4MqwWyPVlIdOYHh', '6ZOBP3NvffbU4SZcrnt1k6'),
('6SkvEqB4MqwWyPVlIdOYHh', '42T2QQv3xgBlpQxaSP7lnK'),
('6SkvEqB4MqwWyPVlIdOYHh', '672vt2In22bNSAqett5XAB'),
('6SkvEqB4MqwWyPVlIdOYHh', '2rQxwuokL5KUjbUWi534c9'),
('6SkvEqB4MqwWyPVlIdOYHh', '1oTo3ijRbaDAtrjJrGAPSw'),
('6SkvEqB4MqwWyPVlIdOYHh', '6NhalLjoIFdECTECXdzc0e'),
('6SkvEqB4MqwWyPVlIdOYHh', '1ygfslPsHnxJ3SsC3GdLkt'),
('6SkvEqB4MqwWyPVlIdOYHh', '5dTHtzHFPyi8TlTtzoz1J9'),
('6SkvEqB4MqwWyPVlIdOYHh', '2cuyO1fsOkowNnlOgnPD3S'),
('7zakicynKQs4COlI2IxhLG', '59Sz3l6T9qTWsa8Smv2ve1'),
('7zakicynKQs4COlI2IxhLG', '48i055G1OT5KxGGftwFxWy'),
('7zakicynKQs4COlI2IxhLG', '4UDmDIqJIbrW0hMBQMFOsM'),
('7zakicynKQs4COlI2IxhLG', '2QfiRTz5Yc8DdShCxG1tB2'),
('7zakicynKQs4COlI2IxhLG', '5yQ9iMZXGcr5rlO4hoLsP4'),
('7zakicynKQs4COlI2IxhLG', '2aEuA8PSqLa17Y4hKPj5rr'),
('7zakicynKQs4COlI2IxhLG', '1AGU94UmRrDst2T9C5pEvI'),
('7zakicynKQs4COlI2IxhLG', '5dUMh0ugelpKfoFp3qChuK'),
('7zakicynKQs4COlI2IxhLG', '47gmoUrZV3w20JAnQOZMcO'),
('7zakicynKQs4COlI2IxhLG', '7tqhbajSfrz2F7E1Z75ASX');

